benchmark,context_lens,n_items,seeds,cell,correct,total,accuracy,delta_C_minus_B,classification
needle,"200/600/1200",30,"0,1",A_fp_fullbf16,30,30,1.0,,MEASURED
needle,"200/600/1200",30,"0,1",B_affine_int4_bf16prot,30,30,1.0,,MEASURED
needle,"200/600/1200",30,"0,1",C_P8prod_int4_int8prot,30,30,1.0,0,MEASURED
hard_needle,"conflict/distractor/multi/qa",48,"0,1",A_fp_fullbf16,46,48,0.9583,,MEASURED
hard_needle,"conflict/distractor/multi/qa",48,"0,1",B_affine_int4_bf16prot,46,48,0.9583,,MEASURED
hard_needle,"conflict/distractor/multi/qa",48,"0,1",C_P8prod_int4_int8prot,46,48,0.9583,0,MEASURED
mmlu,real-200Q,200,0,A_fp_fullbf16,78,200,0.390,,MEASURED
mmlu,real-200Q,200,0,B_affine_int4_bf16prot,76,200,0.380,,MEASURED
mmlu,real-200Q,200,0,C_P8prod_int4_int8prot,79,200,0.395,+3 (+0.015),MEASURED
