arbitrator,family,seed,truth_label,consensus_xy_error,attribution_hit_top_half,false_attribution_max,per_tick_us
BCVF,baseline,5000,,0.000000,0,0.000000,7.65
BCVF,baseline,5001,,0.000000,0,0.000000,4.68
BCVF,baseline,5002,,0.000000,0,0.000000,4.25
BCVF,baseline,5003,,0.000000,0,0.000000,4.63
BCVF,baseline,5004,,0.000000,0,0.000000,3.59
BCVF,baseline,5005,,0.000000,0,0.000000,3.65
BCVF,baseline,5006,,0.000000,0,0.000000,3.45
BCVF,baseline,5007,,0.000000,0,0.000000,4.09
BCVF,baseline,5008,,0.000000,0,0.000000,3.40
BCVF,baseline,5009,,0.000000,0,0.000000,3.71
BCVF,constant_bias,5000,,0.166667,0,0.000000,3.41
BCVF,constant_bias,5001,,0.166667,0,0.000000,4.23
BCVF,constant_bias,5002,,0.166667,0,0.000000,3.32
BCVF,constant_bias,5003,,0.166667,0,0.000000,3.69
BCVF,constant_bias,5004,,0.166667,0,0.000000,3.36
BCVF,constant_bias,5005,,0.166667,0,0.000000,3.91
BCVF,constant_bias,5006,,0.166667,0,0.000000,3.93
BCVF,constant_bias,5007,,0.166667,0,0.000000,3.68
BCVF,constant_bias,5008,,0.166667,0,0.000000,3.59
BCVF,constant_bias,5009,,0.166667,0,0.000000,3.82
BCVF,linear_drift,5000,,0.040833,0,0.000000,3.57
BCVF,linear_drift,5001,,0.040833,0,0.000000,3.71
BCVF,linear_drift,5002,,0.040833,0,0.000000,3.54
BCVF,linear_drift,5003,,0.040833,0,0.000000,3.75
BCVF,linear_drift,5004,,0.040833,0,0.000000,3.56
BCVF,linear_drift,5005,,0.040833,0,0.000000,3.55
BCVF,linear_drift,5006,,0.040833,0,0.000000,3.48
BCVF,linear_drift,5007,,0.040833,0,0.000000,3.70
BCVF,linear_drift,5008,,0.040833,0,0.000000,4.31
BCVF,linear_drift,5009,,0.040833,0,0.000000,3.77
BCVF,accelerating,5000,1,0.486495,1,0.000000,4.12
BCVF,accelerating,5001,1,0.486495,1,0.000000,3.67
BCVF,accelerating,5002,1,0.486495,1,0.000000,3.76
BCVF,accelerating,5003,1,0.486495,1,0.000000,3.58
BCVF,accelerating,5004,1,0.486495,1,0.000000,4.24
BCVF,accelerating,5005,1,0.486495,1,0.000000,3.71
BCVF,accelerating,5006,1,0.486495,1,0.000000,3.73
BCVF,accelerating,5007,1,0.486495,1,0.000000,4.10
BCVF,accelerating,5008,1,0.486495,1,0.000000,3.65
BCVF,accelerating,5009,1,0.486495,1,0.000000,3.73
BCVF,noise_floor,5000,,0.007491,0,0.144768,3.58
BCVF,noise_floor,5001,,0.006955,0,0.070415,4.36
BCVF,noise_floor,5002,,0.006870,0,0.006600,4.81
BCVF,noise_floor,5003,,0.007866,0,0.273863,3.87
BCVF,noise_floor,5004,,0.007393,0,0.205871,4.33
BCVF,noise_floor,5005,,0.006770,0,0.143765,3.72
BCVF,noise_floor,5006,,0.007395,0,0.746073,3.80
BCVF,noise_floor,5007,,0.008173,0,0.034345,3.54
BCVF,noise_floor,5008,,0.007032,0,0.121904,4.31
BCVF,noise_floor,5009,,0.007782,0,0.038310,3.57
BCVF,outlier,5000,0,0.445996,1,0.000000,3.72
BCVF,outlier,5001,0,0.445996,1,0.000000,3.64
BCVF,outlier,5002,0,0.445996,1,0.000000,3.91
BCVF,outlier,5003,0,0.445996,1,0.000000,3.76
BCVF,outlier,5004,0,0.445996,1,0.000000,3.61
BCVF,outlier,5005,0,0.445996,1,0.000000,3.44
BCVF,outlier,5006,0,0.445996,1,0.000000,3.49
BCVF,outlier,5007,0,0.445996,1,0.000000,4.32
BCVF,outlier,5008,0,0.445996,1,0.000000,3.46
BCVF,outlier,5009,0,0.445996,1,0.000000,3.94
BCVF,sensor_dropout,5000,2,0.256128,1,0.000000,3.88
BCVF,sensor_dropout,5001,2,0.256128,1,0.000000,3.79
BCVF,sensor_dropout,5002,2,0.256128,1,0.000000,3.52
BCVF,sensor_dropout,5003,2,0.256128,1,0.000000,3.58
BCVF,sensor_dropout,5004,2,0.256128,1,0.000000,3.68
BCVF,sensor_dropout,5005,2,0.256128,1,0.000000,3.63
BCVF,sensor_dropout,5006,2,0.256128,1,0.000000,3.59
BCVF,sensor_dropout,5007,2,0.256128,1,0.000000,3.44
BCVF,sensor_dropout,5008,2,0.256128,1,0.000000,3.41
BCVF,sensor_dropout,5009,2,0.256128,1,0.000000,4.15
EKF,baseline,5000,,0.000278,0,0.394055,70.17
EKF,baseline,5001,,0.000278,0,0.394055,67.77
EKF,baseline,5002,,0.000278,0,0.394055,69.55
EKF,baseline,5003,,0.000278,0,0.394055,71.53
EKF,baseline,5004,,0.000278,0,0.394055,67.35
EKF,baseline,5005,,0.000278,0,0.394055,69.78
EKF,baseline,5006,,0.000278,0,0.394055,71.57
EKF,baseline,5007,,0.000278,0,0.394055,72.32
EKF,baseline,5008,,0.000278,0,0.394055,72.75
EKF,baseline,5009,,0.000278,0,0.394055,72.84
EKF,constant_bias,5000,,0.166674,0,1.114529,72.64
EKF,constant_bias,5001,,0.166674,0,1.114529,69.17
EKF,constant_bias,5002,,0.166674,0,1.114529,71.90
EKF,constant_bias,5003,,0.166674,0,1.114529,72.73
EKF,constant_bias,5004,,0.166674,0,1.114529,71.52
EKF,constant_bias,5005,,0.166674,0,1.114529,72.50
EKF,constant_bias,5006,,0.166674,0,1.114529,69.52
EKF,constant_bias,5007,,0.166674,0,1.114529,69.73
EKF,constant_bias,5008,,0.166674,0,1.114529,70.43
EKF,constant_bias,5009,,0.166674,0,1.114529,68.63
EKF,linear_drift,5000,,0.041051,0,0.541358,69.22
EKF,linear_drift,5001,,0.041051,0,0.541358,70.66
EKF,linear_drift,5002,,0.041051,0,0.541358,69.69
EKF,linear_drift,5003,,0.041051,0,0.541358,71.05
EKF,linear_drift,5004,,0.041051,0,0.541358,67.67
EKF,linear_drift,5005,,0.041051,0,0.541358,69.90
EKF,linear_drift,5006,,0.041051,0,0.541358,67.50
EKF,linear_drift,5007,,0.041051,0,0.541358,66.77
EKF,linear_drift,5008,,0.041051,0,0.541358,68.71
EKF,linear_drift,5009,,0.041051,0,0.541358,66.91
EKF,accelerating,5000,1,0.073044,1,0.000000,68.66
EKF,accelerating,5001,1,0.073044,1,0.000000,68.73
EKF,accelerating,5002,1,0.073044,1,0.000000,70.26
EKF,accelerating,5003,1,0.073044,1,0.000000,69.80
EKF,accelerating,5004,1,0.073044,1,0.000000,66.14
EKF,accelerating,5005,1,0.073044,1,0.000000,66.92
EKF,accelerating,5006,1,0.073044,1,0.000000,67.88
EKF,accelerating,5007,1,0.073044,1,0.000000,70.32
EKF,accelerating,5008,1,0.073044,1,0.000000,69.98
EKF,accelerating,5009,1,0.073044,1,0.000000,70.68
EKF,noise_floor,5000,,0.007185,0,0.390886,72.25
EKF,noise_floor,5001,,0.006823,0,0.378445,71.36
EKF,noise_floor,5002,,0.006536,0,0.403948,68.92
EKF,noise_floor,5003,,0.007665,0,0.400285,70.04
EKF,noise_floor,5004,,0.007135,0,0.389581,71.42
EKF,noise_floor,5005,,0.006558,0,0.382717,67.24
EKF,noise_floor,5006,,0.007145,0,0.388381,69.15
EKF,noise_floor,5007,,0.007865,0,0.388271,67.19
EKF,noise_floor,5008,,0.006661,0,0.392104,68.53
EKF,noise_floor,5009,,0.007609,0,0.382093,70.32
EKF,outlier,5000,0,3.930306,0,0.000000,53.24
EKF,outlier,5001,0,3.930306,0,0.000000,52.93
EKF,outlier,5002,0,3.930306,0,0.000000,63.45
EKF,outlier,5003,0,3.930306,0,0.000000,56.96
EKF,outlier,5004,0,3.930306,0,0.000000,55.62
EKF,outlier,5005,0,3.930306,0,0.000000,56.56
EKF,outlier,5006,0,3.930306,0,0.000000,53.26
EKF,outlier,5007,0,3.930306,0,0.000000,58.05
EKF,outlier,5008,0,3.930306,0,0.000000,59.57
EKF,outlier,5009,0,3.930306,0,0.000000,55.84
EKF,sensor_dropout,5000,2,3.930306,1,0.000000,55.62
EKF,sensor_dropout,5001,2,3.930306,1,0.000000,57.81
EKF,sensor_dropout,5002,2,3.930306,1,0.000000,54.27
EKF,sensor_dropout,5003,2,3.930306,1,0.000000,54.28
EKF,sensor_dropout,5004,2,3.930306,1,0.000000,57.58
EKF,sensor_dropout,5005,2,3.930306,1,0.000000,56.01
EKF,sensor_dropout,5006,2,3.930306,1,0.000000,54.62
EKF,sensor_dropout,5007,2,3.930306,1,0.000000,55.22
EKF,sensor_dropout,5008,2,3.930306,1,0.000000,56.66
EKF,sensor_dropout,5009,2,3.930306,1,0.000000,57.01
MajorityVote,baseline,5000,,0.000000,0,0.000000,28.66
MajorityVote,baseline,5001,,0.000000,0,0.000000,26.22
MajorityVote,baseline,5002,,0.000000,0,0.000000,25.50
MajorityVote,baseline,5003,,0.000000,0,0.000000,27.19
MajorityVote,baseline,5004,,0.000000,0,0.000000,27.85
MajorityVote,baseline,5005,,0.000000,0,0.000000,27.43
MajorityVote,baseline,5006,,0.000000,0,0.000000,27.66
MajorityVote,baseline,5007,,0.000000,0,0.000000,27.42
MajorityVote,baseline,5008,,0.000000,0,0.000000,27.33
MajorityVote,baseline,5009,,0.000000,0,0.000000,27.49
MajorityVote,constant_bias,5000,,0.166667,0,16.666667,27.94
MajorityVote,constant_bias,5001,,0.166667,0,16.666667,27.62
MajorityVote,constant_bias,5002,,0.166667,0,16.666667,27.54
MajorityVote,constant_bias,5003,,0.166667,0,16.666667,27.07
MajorityVote,constant_bias,5004,,0.166667,0,16.666667,26.53
MajorityVote,constant_bias,5005,,0.166667,0,16.666667,26.65
MajorityVote,constant_bias,5006,,0.166667,0,16.666667,28.34
MajorityVote,constant_bias,5007,,0.166667,0,16.666667,26.60
MajorityVote,constant_bias,5008,,0.166667,0,16.666667,26.74
MajorityVote,constant_bias,5009,,0.166667,0,16.666667,28.27
MajorityVote,linear_drift,5000,,0.040833,0,4.083333,28.04
MajorityVote,linear_drift,5001,,0.040833,0,4.083333,28.20
MajorityVote,linear_drift,5002,,0.040833,0,4.083333,28.51
MajorityVote,linear_drift,5003,,0.040833,0,4.083333,29.33
MajorityVote,linear_drift,5004,,0.040833,0,4.083333,28.69
MajorityVote,linear_drift,5005,,0.040833,0,4.083333,29.65
MajorityVote,linear_drift,5006,,0.040833,0,4.083333,28.66
MajorityVote,linear_drift,5007,,0.040833,0,4.083333,28.30
MajorityVote,linear_drift,5008,,0.040833,0,4.083333,28.43
MajorityVote,linear_drift,5009,,0.040833,0,4.083333,28.63
MajorityVote,accelerating,5000,1,0.016917,1,0.000000,29.57
MajorityVote,accelerating,5001,1,0.016917,1,0.000000,28.09
MajorityVote,accelerating,5002,1,0.016917,1,0.000000,27.77
MajorityVote,accelerating,5003,1,0.016917,1,0.000000,27.88
MajorityVote,accelerating,5004,1,0.016917,1,0.000000,27.68
MajorityVote,accelerating,5005,1,0.016917,1,0.000000,28.25
MajorityVote,accelerating,5006,1,0.016917,1,0.000000,28.79
MajorityVote,accelerating,5007,1,0.016917,1,0.000000,29.09
MajorityVote,accelerating,5008,1,0.016917,1,0.000000,28.50
MajorityVote,accelerating,5009,1,0.016917,1,0.000000,28.55
MajorityVote,noise_floor,5000,,0.007452,0,0.545899,28.73
MajorityVote,noise_floor,5001,,0.006930,0,0.503908,28.38
MajorityVote,noise_floor,5002,,0.006871,0,0.513330,29.25
MajorityVote,noise_floor,5003,,0.007882,0,0.581104,27.60
MajorityVote,noise_floor,5004,,0.007348,0,0.482789,28.14
MajorityVote,noise_floor,5005,,0.006751,0,0.559512,27.57
MajorityVote,noise_floor,5006,,0.007343,0,0.636334,27.82
MajorityVote,noise_floor,5007,,0.008175,0,0.591765,31.20
MajorityVote,noise_floor,5008,,0.007001,0,0.510833,33.95
MajorityVote,noise_floor,5009,,0.007783,0,0.529044,34.09
MajorityVote,outlier,5000,0,0.012833,1,0.000000,30.83
MajorityVote,outlier,5001,0,0.012833,1,0.000000,30.52
MajorityVote,outlier,5002,0,0.012833,1,0.000000,29.78
MajorityVote,outlier,5003,0,0.012833,1,0.000000,30.64
MajorityVote,outlier,5004,0,0.012833,1,0.000000,30.20
MajorityVote,outlier,5005,0,0.012833,1,0.000000,29.94
MajorityVote,outlier,5006,0,0.012833,1,0.000000,30.23
MajorityVote,outlier,5007,0,0.012833,1,0.000000,30.14
MajorityVote,outlier,5008,0,0.012833,1,0.000000,31.27
MajorityVote,outlier,5009,0,0.012833,1,0.000000,30.37
MajorityVote,sensor_dropout,5000,2,3.440233,1,0.000000,27.97
MajorityVote,sensor_dropout,5001,2,3.440233,1,0.000000,28.12
MajorityVote,sensor_dropout,5002,2,3.440233,1,0.000000,28.59
MajorityVote,sensor_dropout,5003,2,3.440233,1,0.000000,28.56
MajorityVote,sensor_dropout,5004,2,3.440233,1,0.000000,29.01
MajorityVote,sensor_dropout,5005,2,3.440233,1,0.000000,29.98
MajorityVote,sensor_dropout,5006,2,3.440233,1,0.000000,27.61
MajorityVote,sensor_dropout,5007,2,3.440233,1,0.000000,27.86
MajorityVote,sensor_dropout,5008,2,3.440233,1,0.000000,27.79
MajorityVote,sensor_dropout,5009,2,3.440233,1,0.000000,29.21
Anchor,baseline,5000,,0.000000,0,0.000000,0.03
Anchor,baseline,5001,,0.000000,0,0.000000,0.02
Anchor,baseline,5002,,0.000000,0,0.000000,0.02
Anchor,baseline,5003,,0.000000,0,0.000000,0.02
Anchor,baseline,5004,,0.000000,0,0.000000,0.02
Anchor,baseline,5005,,0.000000,0,0.000000,0.01
Anchor,baseline,5006,,0.000000,0,0.000000,0.01
Anchor,baseline,5007,,0.000000,0,0.000000,0.03
Anchor,baseline,5008,,0.000000,0,0.000000,0.02
Anchor,baseline,5009,,0.000000,0,0.000000,0.01
Anchor,constant_bias,5000,,0.000000,0,0.000000,0.01
Anchor,constant_bias,5001,,0.000000,0,0.000000,0.01
Anchor,constant_bias,5002,,0.000000,0,0.000000,0.01
Anchor,constant_bias,5003,,0.000000,0,0.000000,0.01
Anchor,constant_bias,5004,,0.000000,0,0.000000,0.01
Anchor,constant_bias,5005,,0.000000,0,0.000000,0.01
Anchor,constant_bias,5006,,0.000000,0,0.000000,0.01
Anchor,constant_bias,5007,,0.000000,0,0.000000,0.01
Anchor,constant_bias,5008,,0.000000,0,0.000000,0.02
Anchor,constant_bias,5009,,0.000000,0,0.000000,0.01
Anchor,linear_drift,5000,,0.000000,0,0.000000,0.01
Anchor,linear_drift,5001,,0.000000,0,0.000000,0.01
Anchor,linear_drift,5002,,0.000000,0,0.000000,0.01
Anchor,linear_drift,5003,,0.000000,0,0.000000,0.01
Anchor,linear_drift,5004,,0.000000,0,0.000000,0.01
Anchor,linear_drift,5005,,0.000000,0,0.000000,0.01
Anchor,linear_drift,5006,,0.000000,0,0.000000,0.01
Anchor,linear_drift,5007,,0.000000,0,0.000000,0.01
Anchor,linear_drift,5008,,0.000000,0,0.000000,0.01
Anchor,linear_drift,5009,,0.000000,0,0.000000,0.01
Anchor,accelerating,5000,1,0.000000,0,0.000000,0.01
Anchor,accelerating,5001,1,0.000000,0,0.000000,0.01
Anchor,accelerating,5002,1,0.000000,0,0.000000,0.01
Anchor,accelerating,5003,1,0.000000,0,0.000000,0.01
Anchor,accelerating,5004,1,0.000000,0,0.000000,0.01
Anchor,accelerating,5005,1,0.000000,0,0.000000,0.01
Anchor,accelerating,5006,1,0.000000,0,0.000000,0.01
Anchor,accelerating,5007,1,0.000000,0,0.000000,0.01
Anchor,accelerating,5008,1,0.000000,0,0.000000,0.01
Anchor,accelerating,5009,1,0.000000,0,0.000000,0.01
Anchor,noise_floor,5000,,0.013672,0,0.000000,0.02
Anchor,noise_floor,5001,,0.013048,0,0.000000,0.01
Anchor,noise_floor,5002,,0.011652,0,0.000000,0.01
Anchor,noise_floor,5003,,0.011573,0,0.000000,0.01
Anchor,noise_floor,5004,,0.011619,0,0.000000,0.01
Anchor,noise_floor,5005,,0.011415,0,0.000000,0.01
Anchor,noise_floor,5006,,0.013279,0,0.000000,0.01
Anchor,noise_floor,5007,,0.012295,0,0.000000,0.01
Anchor,noise_floor,5008,,0.011761,0,0.000000,0.01
Anchor,noise_floor,5009,,0.011993,0,0.000000,0.01
Anchor,outlier,5000,0,4.042500,0,0.000000,0.01
Anchor,outlier,5001,0,4.042500,0,0.000000,0.01
Anchor,outlier,5002,0,4.042500,0,0.000000,0.01
Anchor,outlier,5003,0,4.042500,0,0.000000,0.01
Anchor,outlier,5004,0,4.042500,0,0.000000,0.01
Anchor,outlier,5005,0,4.042500,0,0.000000,0.01
Anchor,outlier,5006,0,4.042500,0,0.000000,0.01
Anchor,outlier,5007,0,4.042500,0,0.000000,0.01
Anchor,outlier,5008,0,4.042500,0,0.000000,0.02
Anchor,outlier,5009,0,4.042500,0,0.000000,0.02
Anchor,sensor_dropout,5000,2,4.042500,0,0.000000,0.02
Anchor,sensor_dropout,5001,2,4.042500,0,0.000000,0.01
Anchor,sensor_dropout,5002,2,4.042500,0,0.000000,0.01
Anchor,sensor_dropout,5003,2,4.042500,0,0.000000,0.01
Anchor,sensor_dropout,5004,2,4.042500,0,0.000000,0.02
Anchor,sensor_dropout,5005,2,4.042500,0,0.000000,0.01
Anchor,sensor_dropout,5006,2,4.042500,0,0.000000,0.01
Anchor,sensor_dropout,5007,2,4.042500,0,0.000000,0.02
Anchor,sensor_dropout,5008,2,4.042500,0,0.000000,0.01
Anchor,sensor_dropout,5009,2,4.042500,0,0.000000,0.01
