protect_pct,n_protect,seqlen,dist,seed,L1_recon_max_abs,L1_recon_rmse,L1_recon_cosine,L1_recon_p999,L1_nan_inf,L2_K_rel_l2,L2_K_cosine,L3_logit_max_abs,L3_logit_rel_l2,L3_top1_agree,L3_top5_overlap,L4_kl,L4_jsd,L4_tvd,L5_out_rel_l2,L5_out_cosine
0,0,128,normal,0,0.0,0.0,1.0,0.0,0,0.0,1.0000038146972656,0.0,0.0,1.0,1.0,0.0,0.0,0.0,0.0,0.9999998807907104
0,0,128,normal,1,0.0,0.0,1.0,0.0,0,0.0,1.0000048875808716,0.0,0.0,1.0,1.0,0.0,0.0,0.0,0.0,0.9999999403953552
0,0,128,normal,2,0.0,0.0,1.0,0.0,0,0.0,1.000004768371582,0.0,0.0,1.0,1.0,0.0,0.0,0.0,0.0,1.0
0,0,128,heavy_tailed,0,0.0,0.0,1.0,0.0,0,0.0,1.0000077486038208,0.0,0.0,1.0,1.0,0.0,0.0,0.0,0.0,0.9999998807907104
0,0,128,heavy_tailed,1,0.0,0.0,1.0,0.0,0,0.0,1.0000076293945312,0.0,0.0,1.0,1.0,0.0,0.0,0.0,0.0,0.9999998211860657
0,0,128,heavy_tailed,2,0.0,0.0,1.0,0.0,0,0.0,1.0000085830688477,0.0,0.0,1.0,1.0,0.0,0.0,0.0,0.0,1.0
0,0,128,outliers,0,0.0,0.0,1.0,0.0,0,0.0,0.9999982714653015,0.0,0.0,1.0,1.0,0.0,0.0,0.0,0.0,1.000000238418579
0,0,128,outliers,1,0.0,0.0,1.0,0.0,0,0.0,0.9999976754188538,0.0,0.0,1.0,1.0,0.0,0.0,0.0,0.0,0.9999999403953552
0,0,128,outliers,2,0.0,0.0,1.0,0.0,0,0.0,0.999997615814209,0.0,0.0,1.0,1.0,0.0,0.0,0.0,0.0,1.0
0,0,128,asymmetric,0,0.0,0.0,1.0,0.0,0,0.0,0.9999991059303284,0.0,0.0,1.0,1.0,0.0,0.0,0.0,0.0,1.0
0,0,128,asymmetric,1,0.0,0.0,1.0,0.0,0,0.0,0.9999989867210388,0.0,0.0,1.0,1.0,0.0,0.0,0.0,0.0,1.000000238418579
0,0,128,asymmetric,2,0.0,0.0,1.0,0.0,0,0.0,0.9999982714653015,0.0,0.0,1.0,1.0,0.0,0.0,0.0,0.0,0.9999998211860657
0,0,128,high_dynamic_range,0,0.0,0.0,1.0,0.0,0,0.0,1.000004529953003,0.0,0.0,1.0,1.0,0.0,0.0,0.0,0.0,1.0000001192092896
0,0,128,high_dynamic_range,1,0.0,0.0,1.0,0.0,0,0.0,1.000004768371582,0.0,0.0,1.0,1.0,0.0,0.0,0.0,0.0,1.0000001192092896
0,0,128,high_dynamic_range,2,0.0,0.0,1.0,0.0,0,0.0,1.0000033378601074,0.0,0.0,1.0,1.0,0.0,0.0,0.0,0.0,1.0000001192092896
0,0,128,near_zero,0,0.0,0.0,1.0,0.0,0,0.0,1.0000035762786865,0.0,0.0,1.0,1.0,0.0,0.0,0.0,0.0,0.9999998807907104
0,0,128,near_zero,1,0.0,0.0,1.0,0.0,0,0.0,1.0000035762786865,0.0,0.0,1.0,1.0,0.0,0.0,0.0,0.0,0.9999998807907104
0,0,128,near_zero,2,0.0,0.0,1.0,0.0,0,0.0,1.0000046491622925,0.0,0.0,1.0,1.0,0.0,0.0,0.0,0.0,0.9999999403953552
0,0,512,normal,0,0.0,0.0,1.0,0.0,0,0.0,1.0000115633010864,0.0,0.0,1.0,1.0,0.0,0.0,0.0,0.0,0.9999999403953552
0,0,512,normal,1,0.0,0.0,1.0,0.0,0,0.0,1.000012755393982,0.0,0.0,1.0,1.0,0.0,0.0,0.0,0.0,1.0
0,0,512,normal,2,0.0,0.0,1.0,0.0,0,0.0,1.0000110864639282,0.0,0.0,1.0,1.0,0.0,0.0,0.0,0.0,1.0
0,0,512,heavy_tailed,0,0.0,0.0,1.0,0.0,0,0.0,1.0000144243240356,0.0,0.0,1.0,1.0,0.0,0.0,0.0,0.0,0.9999999403953552
0,0,512,heavy_tailed,1,0.0,0.0,1.0,0.0,0,0.0,1.00001060962677,0.0,0.0,1.0,1.0,0.0,0.0,0.0,0.0,1.0000001192092896
0,0,512,heavy_tailed,2,0.0,0.0,1.0,0.0,0,0.0,1.0000085830688477,0.0,0.0,1.0,1.0,0.0,0.0,0.0,0.0,1.0
0,0,512,outliers,0,0.0,0.0,1.0,0.0,0,0.0,1.0000109672546387,0.0,0.0,1.0,1.0,0.0,0.0,0.0,0.0,1.0
0,0,512,outliers,1,0.0,0.0,1.0,0.0,0,0.0,1.0000122785568237,0.0,0.0,1.0,1.0,0.0,0.0,0.0,0.0,0.9999998211860657
0,0,512,outliers,2,0.0,0.0,1.0,0.0,0,0.0,1.000011920928955,0.0,0.0,1.0,1.0,0.0,0.0,0.0,0.0,1.0
0,0,512,asymmetric,0,0.0,0.0,1.0,0.0,0,0.0,0.9999968409538269,0.0,0.0,1.0,1.0,0.0,0.0,0.0,0.0,1.0000001192092896
0,0,512,asymmetric,1,0.0,0.0,1.0,0.0,0,0.0,0.9999957084655762,0.0,0.0,1.0,1.0,0.0,0.0,0.0,0.0,1.0
0,0,512,asymmetric,2,0.0,0.0,1.0,0.0,0,0.0,0.9999929666519165,0.0,0.0,1.0,1.0,0.0,0.0,0.0,0.0,1.0
0,0,512,high_dynamic_range,0,0.0,0.0,1.0,0.0,0,0.0,1.000016450881958,0.0,0.0,1.0,1.0,0.0,0.0,0.0,0.0,1.0
0,0,512,high_dynamic_range,1,0.0,0.0,1.0,0.0,0,0.0,1.000017762184143,0.0,0.0,1.0,1.0,0.0,0.0,0.0,0.0,0.9999999403953552
0,0,512,high_dynamic_range,2,0.0,0.0,1.0,0.0,0,0.0,1.0000176429748535,0.0,0.0,1.0,1.0,0.0,0.0,0.0,0.0,1.0
0,0,512,near_zero,0,0.0,0.0,1.0,0.0,0,0.0,1.0000088214874268,0.0,0.0,1.0,1.0,0.0,0.0,0.0,0.0,1.0
0,0,512,near_zero,1,0.0,0.0,1.0,0.0,0,0.0,1.0000065565109253,0.0,0.0,1.0,1.0,0.0,0.0,0.0,0.0,0.9999998807907104
0,0,512,near_zero,2,0.0,0.0,1.0,0.0,0,0.0,1.000009536743164,0.0,0.0,1.0,1.0,0.0,0.0,0.0,0.0,1.000000238418579
0,0,2048,normal,0,0.0,0.0,1.0,0.0,0,0.0,0.9999592304229736,0.0,0.0,1.0,1.0,0.0,0.0,0.0,0.0,1.0
0,0,2048,normal,1,0.0,0.0,1.0,0.0,0,0.0,0.9999632835388184,0.0,0.0,1.0,1.0,0.0,0.0,0.0,0.0,0.9999999403953552
0,0,2048,normal,2,0.0,0.0,1.0,0.0,0,0.0,0.9999645948410034,0.0,0.0,1.0,1.0,0.0,0.0,0.0,0.0,1.0
0,0,2048,heavy_tailed,0,0.0,0.0,1.0,0.0,0,0.0,0.9999750256538391,0.0,0.0,1.0,1.0,0.0,0.0,0.0,0.0,1.0000001192092896
0,0,2048,heavy_tailed,1,0.0,0.0,1.0,0.0,0,0.0,0.9999747276306152,0.0,0.0,1.0,1.0,0.0,0.0,0.0,0.0,1.0
0,0,2048,heavy_tailed,2,0.0,0.0,1.0,0.0,0,0.0,0.9999720454216003,0.0,0.0,1.0,1.0,0.0,0.0,0.0,0.0,1.0
0,0,2048,outliers,0,0.0,0.0,1.0,0.0,0,0.0,1.0001466274261475,0.0,0.0,1.0,1.0,0.0,0.0,0.0,0.0,1.0000001192092896
0,0,2048,outliers,1,0.0,0.0,1.0,0.0,0,0.0,1.000137448310852,0.0,0.0,1.0,1.0,0.0,0.0,0.0,0.0,0.9999999403953552
0,0,2048,outliers,2,0.0,0.0,1.0,0.0,0,0.0,1.0001482963562012,0.0,0.0,1.0,1.0,0.0,0.0,0.0,0.0,0.9999998211860657
0,0,2048,asymmetric,0,0.0,0.0,1.0,0.0,0,0.0,0.9999951124191284,0.0,0.0,1.0,1.0,0.0,0.0,0.0,0.0,1.0
0,0,2048,asymmetric,1,0.0,0.0,1.0,0.0,0,0.0,0.9999821782112122,0.0,0.0,1.0,1.0,0.0,0.0,0.0,0.0,1.0
0,0,2048,asymmetric,2,0.0,0.0,1.0,0.0,0,0.0,0.9999849796295166,0.0,0.0,1.0,1.0,0.0,0.0,0.0,0.0,0.9999998211860657
0,0,2048,high_dynamic_range,0,0.0,0.0,1.0,0.0,0,0.0,1.0000686645507812,0.0,0.0,1.0,1.0,0.0,0.0,0.0,0.0,1.0
0,0,2048,high_dynamic_range,1,0.0,0.0,1.0,0.0,0,0.0,1.0000687837600708,0.0,0.0,1.0,1.0,0.0,0.0,0.0,0.0,1.0
0,0,2048,high_dynamic_range,2,0.0,0.0,1.0,0.0,0,0.0,1.00007164478302,0.0,0.0,1.0,1.0,0.0,0.0,0.0,0.0,1.000000238418579
0,0,2048,near_zero,0,0.0,0.0,1.0,0.0,0,0.0,0.9999620914459229,0.0,0.0,1.0,1.0,0.0,0.0,0.0,0.0,1.0000001192092896
0,0,2048,near_zero,1,0.0,0.0,1.0,0.0,0,0.0,0.9999597072601318,0.0,0.0,1.0,1.0,0.0,0.0,0.0,0.0,0.9999999403953552
0,0,2048,near_zero,2,0.0,0.0,1.0,0.0,0,0.0,0.9999598860740662,0.0,0.0,1.0,1.0,0.0,0.0,0.0,0.0,0.9999997615814209
1,1,128,normal,0,0.015625,0.007361716590821743,0.999974250793457,0.015625,0,0.0006492363172583282,1.0000035762786865,0.001726388931274414,0.0006539759924635291,1.0,1.0,2.105959993059514e-07,5.743260089730029e-08,0.00023519140086136758,0.0005178948049433529,0.9999998807907104
1,1,128,normal,1,0.015625,0.006945812609046698,0.999973475933075,0.015625,0,0.0006099402671679854,1.0000046491622925,0.0018882155418395996,0.0007179253152571619,1.0,1.0,3.2778257263998967e-07,7.708865723543568e-08,0.00032460413058288395,0.0007973158499225974,0.9999996423721313
1,1,128,normal,2,0.015625,0.006753119174391031,0.9999769926071167,0.015625,0,0.0005974292289465666,1.000004529953003,0.0019097626209259033,0.0005029984749853611,1.0,1.0,8.237060455940082e-08,3.117813918152024e-08,0.00015189389523584396,0.00047373585402965546,0.9999999403953552
1,1,128,heavy_tailed,0,0.03125,0.011519137769937515,0.9999666213989258,0.03125,0,0.0007076965412124991,1.0000075101852417,0.0025787353515625,0.0006395505042746663,1.0,1.0,4.4204102778167e-07,1.0543436701482278e-07,0.0003680103400256485,0.0007328659412451088,0.9999996423721313
1,1,128,heavy_tailed,1,0.03125,0.01528825145214796,0.999946117401123,0.03125,0,0.000937321106903255,1.000007152557373,0.0037763118743896484,0.0010907971300184727,1.0,1.0,1.4696606740471907e-06,3.7378947581601096e-07,0.0007080738432705402,0.001674176543019712,0.9999985694885254
1,1,128,heavy_tailed,2,0.03125,0.013557390309870243,0.9999570846557617,0.03125,0,0.000838623964227736,1.0000081062316895,0.0038195252418518066,0.0007332292152568698,1.0,1.0,3.9034637211443624e-07,1.3010843247229786e-07,0.00029311192338354886,0.0007350379601120949,0.9999996423721313
1,1,128,outliers,0,0.015625,0.007361716590821743,0.999974250793457,0.015625,0,0.00010288507473887876,0.9999979734420776,0.0017266273498535156,9.771101758815348e-05,1.0,1.0,7.354371689416439e-08,1.6463978624869924e-08,0.00013154326006770134,0.000294580589979887,0.9999999403953552
1,1,128,outliers,1,0.5,0.0929437205195427,0.9999701976776123,0.4041900634765625,0,0.0012770754983648658,0.9999967813491821,0.05973052978515625,0.00145309092476964,1.0,1.0,4.967910172126722e-07,1.4325706843010266e-07,4.3393058149376884e-05,5.138215419719927e-05,0.9999999403953552
1,1,128,outliers,2,0.015625,0.006753119174391031,0.9999769926071167,0.015625,0,9.626633982406929e-05,0.9999978542327881,0.0019097626209259033,7.254633237607777e-05,1.0,1.0,5.230834432268239e-09,3.225134648232597e-08,5.335871537681669e-05,6.487313657999039e-05,1.0000001192092896
1,1,128,asymmetric,0,0.03125,0.009888448752462864,0.999998152256012,0.03125,0,0.00017268554074689746,0.999998927116394,0.0034532546997070312,0.00016109022544696927,1.0,1.0,2.894741726322536e-07,5.277378534174204e-08,0.00018428309704177082,0.0003519493911881,0.9999998807907104
1,1,128,asymmetric,1,0.03125,0.009963510558009148,0.9999980926513672,0.03125,0,0.00017380720237269998,0.9999986886978149,0.00377655029296875,0.000207044868147932,1.0,1.0,3.815325726463925e-07,1.1647250630630879e-07,0.0002652560651767999,0.0007738428539596498,0.9999997615814209
1,1,128,asymmetric,2,0.03125,0.010609588585793972,0.9999978542327881,0.03125,0,0.00018538167933002114,0.9999980926513672,0.003819584846496582,0.00025551507133059204,1.0,1.0,2.613853382626985e-07,5.1338766127173585e-08,0.0001631513296160847,0.00038448531995527446,1.0
1,1,128,high_dynamic_range,0,16.0,2.9972312450408936,0.9999794960021973,16.0,0,0.0013303520390763879,1.000003695487976,0.4419422149658203,0.0004610756004694849,1.0,1.0,-6.883895675713347e-09,6.643173424553117e-12,3.454143637782181e-09,1.7308831701257077e-08,1.0
1,1,128,high_dynamic_range,1,0.125,0.039363179355859756,0.9999746084213257,0.125,0,1.7123427824117243e-05,1.000004768371582,0.010406494140625,1.69478098541731e-05,1.0,1.0,9.474547368881758e-09,1.6433965299711417e-10,9.382642929267604e-08,2.913838841323013e-07,1.0
1,1,128,high_dynamic_range,2,8.0,2.608320474624634,0.9999783039093018,8.0,0,0.0011602198937907815,1.0000026226043701,0.977813720703125,0.0015660872450098395,1.0,1.0,8.892466212273575e-07,1.9475319845696504e-07,2.173762368329335e-06,5.657325345964637e-06,0.9999998807907104
1,1,128,near_zero,0,1.52587890625e-05,7.586861102026887e-06,0.9999727010726929,1.52587890625e-05,0,0.0006691556191071868,1.0000033378601074,1.6858684830367565e-06,0.0006847186014056206,1.0,1.0,-4.642869200210953e-09,4.204927073203635e-09,2.583838067948818e-07,7.149109819692967e-07,1.0
1,1,128,near_zero,1,1.52587890625e-05,6.78338165016612e-06,0.9999748468399048,1.52587890625e-05,0,0.0005955325905233622,1.0000032186508179,1.8440186977386475e-06,0.0007070103893056512,1.0,1.0,-3.720821695196719e-08,-4.65833771556845e-09,3.1496165320277214e-07,8.176059509423794e-07,0.9999999403953552
1,1,128,near_zero,2,1.52587890625e-05,6.941440915397834e-06,0.9999756813049316,1.52587890625e-05,0,0.0006140315672382712,1.0000044107437134,1.8650025594979525e-06,0.0005148477503098547,1.0,1.0,-1.582177944214891e-08,-9.778512222169411e-09,1.660664565861225e-07,4.983162966709642e-07,0.9999998807907104
1,1,512,normal,0,0.015625,0.007818407379090786,0.999969482421875,0.015625,0,0.0006884397007524967,1.0000110864639282,0.0028700828552246094,0.0008755141752772033,1.0,1.0,3.166881015204126e-07,8.542240692577252e-08,0.00026494814665056765,0.000831669254694134,0.9999997615814209
1,1,512,normal,1,0.015625,0.007240284699946642,0.9999735355377197,0.015625,0,0.0006364760338328779,1.0000125169754028,0.0020608901977539062,0.0005922577693127096,1.0,1.0,1.705103898075322e-07,3.5073185244982596e-08,0.00021068405476398766,0.0005557907861657441,0.9999999403953552
1,1,512,normal,2,0.015625,0.007955803535878658,0.9999677538871765,0.015625,0,0.0007009658729657531,1.0000110864639282,0.0014350414276123047,0.000551414443179965,1.0,1.0,1.6604872143943794e-07,3.1253705401468324e-08,0.0002165633050026372,0.0005107887554913759,0.9999997615814209
1,1,512,heavy_tailed,0,0.03515625,0.017416121438145638,0.9999281167984009,0.03515625,0,0.0010744774481281638,1.0000135898590088,0.005740076303482056,0.0012885446194559336,1.0,1.0,1.520172418167931e-06,3.6412313875189284e-07,0.0006026482442393899,0.0020478309597820044,0.9999989867210388
1,1,512,heavy_tailed,1,0.03125,0.015186089091002941,0.9999423027038574,0.03125,0,0.0009362843120470643,1.0000102519989014,0.004121661186218262,0.0008559611160308123,1.0,1.0,7.151998033805285e-07,1.88103740583756e-07,0.0004475972964428365,0.001050583436153829,0.9999994039535522
1,1,512,heavy_tailed,2,0.03125,0.01705358922481537,0.9999271035194397,0.03125,0,0.0010520360665395856,1.0000081062316895,0.0028700828552246094,0.000875571568030864,1.0,1.0,7.606477083754726e-07,1.924382218021492e-07,0.0004943933454342186,0.001519390963949263,0.9999988675117493
1,1,512,outliers,0,0.015625,0.007818407379090786,0.999969482421875,0.015625,0,0.00010832767293322831,1.0000107288360596,0.0028705596923828125,0.00011511275079101324,1.0,1.0,7.678718816350738e-08,1.4391806857361189e-08,0.00010159393423236907,0.00016996197518892586,1.0
1,1,512,outliers,1,0.5,0.08860833197832108,0.9999753832817078,0.3125,0,0.0012313824845477939,1.0000113248825073,0.02520465850830078,0.0007942540687508881,1.0,1.0,5.132622391101904e-06,1.2477175914682448e-06,0.000818960543256253,0.003022276097908616,0.9999957084655762
1,1,512,outliers,2,0.015625,0.007955803535878658,0.9999677538871765,0.015625,0,0.00011107812315458432,1.0000121593475342,0.0014352798461914062,9.660534124122933e-05,1.0,1.0,8.151252472998749e-08,1.7158514609150188e-09,0.00014893143088556826,0.00020945632422808558,0.9999998807907104
1,1,512,asymmetric,0,0.03125,0.01033856999129057,0.9999983906745911,0.03125,0,0.0001804447383619845,0.9999969005584717,0.005741119384765625,0.0002399310760665685,1.0,1.0,8.153711519298668e-07,2.0583077287028573e-07,0.0003043824399355799,0.0009355908841826022,0.9999995231628418
1,1,512,asymmetric,1,0.03125,0.009494842030107975,0.9999987483024597,0.03125,0,0.0001657910761423409,0.999995231628418,0.0041217803955078125,0.00014330854173749685,1.0,1.0,1.772152700141305e-07,4.7918149448378244e-08,0.0002300114429090172,0.00041674100793898106,0.9999999403953552
1,1,512,asymmetric,2,0.03125,0.010370230302214622,0.9999984502792358,0.03125,0,0.00018106769130099565,0.9999927282333374,0.0028700828552246094,0.00012138130114180967,1.0,1.0,3.138060833407508e-07,8.147780761191825e-08,0.00023436560877598822,0.0007866349187679589,0.9999996423721313
1,1,512,high_dynamic_range,0,16.0,3.5862770080566406,0.9999750852584839,16.0,0,0.0015880611026659608,1.0000152587890625,0.93914794921875,0.0012970976531505585,1.0,1.0,1.986278221011162e-06,4.996400093659759e-07,0.00035141222178936005,0.0009957082802429795,0.9999995231628418
1,1,512,high_dynamic_range,1,0.25,0.042333636432886124,0.9999752640724182,0.15625,0,1.858011273725424e-05,1.0000180006027222,0.01812744140625,1.5305191482184455e-05,1.0,1.0,2.3221394584993504e-08,2.2879476091475226e-12,1.8193532014265656e-08,5.4467498955546034e-08,1.0
1,1,512,high_dynamic_range,2,8.0,2.7781574726104736,0.9999717473983765,8.0,0,0.0012221906799823046,1.0000169277191162,0.7347412109375,0.0012364558642730117,1.0,1.0,1.134023204940604e-05,2.6995221560355276e-06,7.862490019761026e-05,0.00022571261797565967,1.0
1,1,512,near_zero,0,1.52587890625e-05,7.97191842139e-06,0.9999686479568481,1.52587890625e-05,0,0.0007019495242275298,1.0000083446502686,2.8028152883052826e-06,0.0008667098009027541,1.0,1.0,2.4202801540695873e-08,-1.1625805873549666e-09,2.731976564973593e-07,9.526640951662557e-07,1.0000001192092896
1,1,512,near_zero,1,1.52587890625e-05,7.330689641094068e-06,0.999972939491272,1.52587890625e-05,0,0.0006444085156545043,1.0000057220458984,2.012588083744049e-06,0.0006107318331487477,1.0,1.0,-4.03031705786816e-08,-4.073076986799151e-09,2.2193125914782286e-07,6.662590976702631e-07,1.0
1,1,512,near_zero,2,1.52587890625e-05,8.097859790723305e-06,0.9999667406082153,1.52587890625e-05,0,0.0007134899497032166,1.000009536743164,1.4014076441526413e-06,0.0005670569371432066,1.0,1.0,3.01606206676297e-09,-5.001345115829281e-09,2.2133463062345982e-07,6.11196696809202e-07,0.9999999403953552
1,1,2048,normal,0,0.015625,0.008899909444153309,0.9999609589576721,0.015625,0,0.0007839397294446826,0.9999589323997498,0.0015430450439453125,0.0005760597996413708,1.0,1.0,1.4729249642186915e-07,2.658474329564342e-08,0.00022313985391519964,0.0005969892372377217,0.9999998211860657
1,1,2048,normal,1,0.015625,0.008191673085093498,0.9999670386314392,0.015625,0,0.0007210319163277745,0.9999628067016602,0.0014674663543701172,0.0006279229419305921,1.0,1.0,2.559090717113577e-07,5.5103583918025834e-08,0.0002568045165389776,0.0006241548690013587,0.9999998211860657
1,1,2048,normal,2,0.015869140625,0.008808177895843983,0.9999623894691467,0.015625,0,0.000776506494730711,0.999964714050293,0.0024328231811523438,0.0008827120182104409,1.0,1.0,4.2199241079288186e-07,1.1096642538177548e-07,0.00027722158120013773,0.0010059253545477986,0.9999995827674866
1,1,2048,heavy_tailed,0,0.0390625,0.020102914422750473,0.9998995661735535,0.0390625,0,0.0012405733577907085,0.9999737739562988,0.0038573741912841797,0.0009078116854652762,1.0,1.0,8.794603445494431e-07,2.219383929968899e-07,0.000500401365570724,0.0012246612459421158,0.9999991655349731
1,1,2048,heavy_tailed,1,0.0625,0.019415833055973053,0.9999062418937683,0.03515625,0,0.0011988686164841056,0.9999740123748779,0.005373239517211914,0.0010491212597116828,1.0,1.0,1.2662575272770482e-06,2.929955371655524e-07,0.0006454798858612776,0.0014828438870608807,0.9999990463256836
1,1,2048,heavy_tailed,2,0.03515625,0.019162654876708984,0.9999116063117981,0.03515625,0,0.001184795517474413,0.9999716281890869,0.00538945198059082,0.0013031159760430455,1.0,1.0,1.704918417999579e-06,4.269371061127458e-07,0.0005964719457551837,0.0015543295303359628,0.9999998807907104
1,1,2048,outliers,0,0.015625,0.008899909444153309,0.9999609589576721,0.015625,0,0.00012365455040708184,1.000146746635437,0.0015430450439453125,9.979600872611627e-05,1.0,1.0,5.864034591240852e-08,1.6758063381416832e-08,0.00017962745914701372,0.0003207563131581992,0.9999999403953552
1,1,2048,outliers,1,0.5,0.105817049741745,0.9999668002128601,0.375,0,0.0014709281967952847,1.000135898590088,0.04695701599121094,0.00144247489515692,1.0,1.0,3.5355416912352666e-05,8.824355063552503e-06,0.002124285791069269,0.005663658492267132,0.9999840259552002
1,1,2048,outliers,2,0.015869140625,0.008808177895843983,0.9999623894691467,0.015625,0,0.00012272472667973489,1.0001484155654907,0.0024323463439941406,0.0001721555890981108,1.0,1.0,1.0285009466315387e-07,2.140604493661158e-08,8.94938493729569e-05,0.000169991486473009,1.0
1,1,2048,asymmetric,0,0.03125,0.010142493061721325,1.0000014305114746,0.03125,0,0.00017702701734378934,0.9999943375587463,0.003086090087890625,0.00010096460027853027,1.0,1.0,2.3780387437000172e-07,5.070106112725625e-08,0.00019473678548820317,0.0006012028898112476,0.9999998211860657
1,1,2048,asymmetric,1,0.03125,0.009681819006800652,1.0000016689300537,0.03125,0,0.00016907376993913203,0.9999816417694092,0.0029354095458984375,0.0001677169493632391,1.0,1.0,2.1213668333075475e-07,5.613418352368171e-08,0.00021155788272153586,0.0005030253087170422,0.9999998807907104
1,1,2048,asymmetric,2,0.03125,0.009774871170520782,1.0000016689300537,0.03125,0,0.00017067846783902496,0.9999843835830688,0.004790782928466797,0.00021943816682323813,1.0,1.0,4.802823809768597e-07,8.554141572858498e-08,0.00021394329087343067,0.0005900214309804142,0.9999998211860657
1,1,2048,high_dynamic_range,0,16.0,4.732889652252197,0.9999561905860901,16.0,0,0.002092965180054307,1.0000663995742798,1.5799560546875,0.0024361026007682085,1.0,1.0,0.0,0.0,1.6230119846190906e-19,0.0,1.0000001192092896
1,1,2048,high_dynamic_range,1,0.25,0.044964712113142014,0.9999726414680481,0.15625,0,1.9878072635037825e-05,1.0000687837600708,0.02227783203125,2.1173731511225924e-05,1.0,1.0,4.2700996516487066e-08,1.0626957092085831e-08,3.9992995880311355e-05,0.00011241299944231287,1.0000001192092896
1,1,2048,high_dynamic_range,2,10.0,3.121490716934204,0.9999660849571228,10.0,0,0.0013719123089686036,1.0000698566436768,0.2279052734375,0.0004115703050047159,1.0,1.0,1.9418119734382344e-07,5.4872202781552915e-08,4.098574208910577e-06,1.2517891263996717e-05,1.0000001192092896
1,1,2048,near_zero,0,1.5735626220703125e-05,8.938040082284715e-06,0.9999608993530273,1.52587890625e-05,0,0.0007872834685258567,0.9999620914459229,1.5538535080850124e-06,0.0005777912447229028,1.0,1.0,4.247755214237259e-08,1.7481549541287222e-10,2.2328822524286807e-07,8.23938876237662e-07,1.0
1,1,2048,near_zero,1,1.52587890625e-05,8.171796253009234e-06,0.999967098236084,1.52587890625e-05,0,0.0007192729972302914,0.9999587535858154,1.4330726116895676e-06,0.0006259559304453433,1.0,1.0,2.508943630630256e-08,-1.1921391651625868e-09,2.6451016310602427e-07,8.937893767324567e-07,1.0
1,1,2048,near_zero,2,1.621246337890625e-05,8.841397175274324e-06,0.999961793422699,1.5690107829868793e-05,0,0.0007794410921633244,0.9999592900276184,2.4854671210050583e-06,0.0008902739500626922,1.0,1.0,1.9627012903811192e-08,1.6000119007486546e-09,2.791130100376904e-07,1.0262791647619451e-06,0.9999999403953552
2,3,128,normal,0,0.015625,0.006969033740460873,0.9999752044677734,0.015625,0,0.0010646670125424862,1.000003457069397,0.004062294960021973,0.0011794812744483352,1.0,1.0,5.855122253706213e-07,1.4622719390899874e-07,0.00043195404578000307,0.000988864921964705,0.9999997615814209
2,3,128,normal,1,0.015625,0.007328027859330177,0.9999732375144958,0.015625,0,0.0011146727483719587,1.0000042915344238,0.004343509674072266,0.0013480465859174728,1.0,1.0,9.700049758976093e-07,2.3404965077133966e-07,0.0005585731705650687,0.001299781957641244,0.9999992847442627
2,3,128,normal,2,0.015625,0.006760033778846264,0.9999778270721436,0.015625,0,0.0010358818108215928,1.0000042915344238,0.002378314733505249,0.0008711291011422873,1.0,1.0,2.999012167492765e-07,8.202238177545951e-08,0.00034016644349321723,0.0008071732008829713,0.9999997615814209
2,3,128,heavy_tailed,0,0.03125,0.012433973141014576,0.9999611377716064,0.03125,0,0.0013232711935415864,1.0000066757202148,0.00592350959777832,0.001437687431462109,1.0,1.0,2.050074726867024e-06,5.244334033704945e-07,0.0008200539741665125,0.0015882011502981186,0.9999986886978149
2,3,128,heavy_tailed,1,0.03125,0.013620875775814056,0.9999568462371826,0.03125,0,0.001446530339308083,1.0000066757202148,0.007908821105957031,0.0017760557821020484,1.0,1.0,3.5795478652289603e-06,9.000749514598283e-07,0.0010680933482944965,0.002631902461871505,0.9999967813491821
2,3,128,heavy_tailed,2,0.03125,0.013002563267946243,0.9999598264694214,0.03125,0,0.001393214799463749,1.0000073909759521,0.004171252250671387,0.001190638984553516,1.0,1.0,1.186427653010469e-06,2.9390844247245695e-07,0.0006012357189320028,0.00117026106454432,0.9999992847442627
2,3,128,outliers,0,0.015625,0.006969033740460873,0.9999752044677734,0.015625,0,0.00016869722458068281,0.9999980926513672,0.004062294960021973,0.0001761965686455369,1.0,1.0,1.7754489078924962e-07,6.969438004489348e-08,0.00023133672948461026,0.00041073645115830004,1.0
2,3,128,outliers,1,0.5,0.05401046946644783,0.9999701976776123,0.2957801818847656,0,0.001285392907448113,0.999996542930603,0.05973243713378906,0.0014583850279450417,1.0,1.0,6.126593916633283e-07,1.6976497363430099e-07,7.147648284444585e-05,0.0001110263037844561,0.9999998807907104
2,3,128,outliers,2,0.015625,0.006760033778846264,0.9999778270721436,0.015625,0,0.000166909143445082,0.9999978542327881,0.0023784637451171875,0.00012563075870275497,1.0,1.0,1.5881812487350544e-07,4.5078550670041295e-08,0.00014207880303729326,0.00021974282572045922,1.0
2,3,128,asymmetric,0,0.03125,0.010050373151898384,0.9999982714653015,0.03125,0,0.00030400362447835505,0.9999989867210388,0.008156776428222656,0.00035241805016994476,1.0,1.0,1.4827155609964393e-06,3.69480630979524e-07,0.0005933165084570646,0.0010149823501706123,0.9999994039535522
2,3,128,asymmetric,1,0.03125,0.00999536458402872,0.9999983906745911,0.03125,0,0.0003020147851202637,0.9999986886978149,0.008664131164550781,0.000336100667482242,1.0,1.0,1.1320680641802028e-06,3.057823505514534e-07,0.0004842233029194176,0.0015236616600304842,0.9999990463256836
2,3,128,asymmetric,2,0.03125,0.009724849835038185,0.9999983310699463,0.03125,0,0.000294323283014819,0.9999980926513672,0.004947006702423096,0.0004042231885250658,1.0,1.0,4.541067255559028e-07,1.1614221762101806e-07,0.0003228645073249936,0.0005600251024588943,0.9999997615814209
2,3,128,high_dynamic_range,0,16.0,1.7857632637023926,0.9999798536300659,12.789794921875,0,0.0013728974154219031,1.000003695487976,0.4486207962036133,0.0005647432990372181,1.0,1.0,-2.3847468444415654e-09,1.8566885529036625e-10,3.1362844765681075e-08,9.77462946138985e-08,1.0000001192092896
2,3,128,high_dynamic_range,1,2.0,0.3036350905895233,0.9999805092811584,2.0,0,0.00022877701849211007,1.0000046491622925,0.042144775390625,6.15730750723742e-05,1.0,1.0,-2.0534187683551863e-08,1.5480772219689243e-10,1.0862459021154791e-07,3.434525979173486e-07,1.000000238418579
2,3,128,high_dynamic_range,2,16.0,2.5581068992614746,0.9999784827232361,13.85986328125,0,0.001971728401258588,1.0000014305114746,2.1688232421875,0.003052100772038102,1.0,0.9047619047619048,8.987024671114341e-07,1.977929571239656e-07,2.2609956431551836e-06,5.741870609199395e-06,0.9999999403953552
2,3,128,near_zero,0,1.52587890625e-05,6.9159932536422275e-06,0.9999755024909973,1.52587890625e-05,0,0.001056670444086194,1.0000028610229492,3.627268597483635e-06,0.0012252094456925988,1.0,1.0,2.2376298147719353e-08,9.246283738661987e-10,4.809116944670677e-07,1.2833739901907393e-06,1.0
2,3,128,near_zero,1,1.52587890625e-05,7.287521384569118e-06,0.999973714351654,1.52587890625e-05,0,0.0011082424316555262,1.0000028610229492,4.505738615989685e-06,0.0013575796037912369,1.0,1.0,1.9609494472661027e-08,-5.115895707064055e-09,5.763722583651543e-07,1.4982780385253136e-06,0.9999999403953552
2,3,128,near_zero,2,1.52587890625e-05,6.876033239677781e-06,0.9999772310256958,1.52587890625e-05,0,0.001053576939739287,1.0000040531158447,2.3065522327669896e-06,0.0008576553664170206,1.0,1.0,2.7044908534890055e-08,-1.257303416934974e-08,3.3312244340777397e-07,8.31677311907697e-07,1.0
2,3,512,normal,0,0.015625,0.007687539793550968,0.9999712705612183,0.015625,0,0.0011725334916263819,1.0000102519989014,0.0036731958389282227,0.0011079004034399986,1.0,1.0,5.493757271324284e-07,1.2104197821827256e-07,0.00037868000799790025,0.0007253788062371314,0.9999997615814209
2,3,512,normal,1,0.015625,0.007907389663159847,0.9999695420265198,0.015625,0,0.0012040550354868174,1.0000113248825073,0.004008334130048752,0.00104645942337811,1.0,1.0,4.6956517962826183e-07,1.3894432981942373e-07,0.0003851191431749612,0.0009727697470225394,0.9999995827674866
2,3,512,normal,2,0.015625,0.007983272895216942,0.9999690055847168,0.015625,0,0.0012183580547571182,1.000010371208191,0.002723023295402527,0.0009060953161679208,1.0,1.0,4.201480123811052e-07,1.114590872930421e-07,0.00035779853351414204,0.0009217677870765328,0.9999995231628418
2,3,512,heavy_tailed,0,0.03515625,0.01653444394469261,0.9999330043792725,0.033203125,0,0.0017670043744146824,1.000011682510376,0.0071993619203567505,0.0016103109810501337,1.0,1.0,2.290457814524416e-06,5.41545205123839e-07,0.000787793193012476,0.002251053461804986,0.9999988675117493
2,3,512,heavy_tailed,1,0.032470703125,0.015421236865222454,0.9999393224716187,0.03125,0,0.001646932796575129,1.0000085830688477,0.007200062274932861,0.0014002624666318297,1.0,1.0,2.0748884708154947e-06,5.150847073309706e-07,0.000765819801017642,0.002252758014947176,0.9999977350234985
2,3,512,heavy_tailed,2,0.033203125,0.0167177002876997,0.9999341368675232,0.0322265625,0,0.0017863777466118336,1.0000064373016357,0.005449771881103516,0.0014144256711006165,1.0,1.0,1.7704153378872434e-06,4.4085743411415024e-07,0.0007420118781737983,0.001904848264530301,0.9999982714653015
2,3,512,outliers,0,0.015625,0.007687539793550968,0.9999712705612183,0.015625,0,0.00018448868650011718,1.000010371208191,0.0036733150482177734,0.00014565809397026896,1.0,1.0,1.243237335302183e-07,2.2747354222474314e-08,0.00015913991956040263,0.0002503015275578946,0.9999999403953552
2,3,512,outliers,1,0.5,0.051596496254205704,0.9999744892120361,0.3125,0,0.0012419379781931639,1.0000112056732178,0.02416515350341797,0.0008134465315379202,1.0,1.0,6.053479410184082e-06,1.5460659597010817e-06,0.0009871190413832664,0.003278873162344098,0.9999949932098389
2,3,512,outliers,2,0.015625,0.007983272895216942,0.9999690055847168,0.015625,0,0.00019305746536701918,1.0000122785568237,0.002723217010498047,0.00015874722157604992,1.0,1.0,2.7369372901375755e-07,6.222661852461897e-08,0.00026604594313539565,0.0003785941225942224,0.9999999403953552
2,3,512,asymmetric,0,0.03125,0.010061981156468391,0.9999998807907104,0.03125,0,0.0003041804884560406,0.9999964237213135,0.008658885955810547,0.00029988581081852317,1.0,1.0,1.1000453241649666e-06,2.6235403538521496e-07,0.00046484885388053954,0.0011531873606145382,0.9999992847442627
2,3,512,asymmetric,1,0.03125,0.009931553155183792,0.9999999403953552,0.03125,0,0.00030037021497264504,0.9999949932098389,0.006020605564117432,0.00023831697762943804,1.0,1.0,7.580752026115078e-07,1.7437474753023707e-07,0.0004404111532494426,0.000791473314166069,0.9999995827674866
2,3,512,asymmetric,2,0.03125,0.010138941928744316,1.0,0.03125,0,0.00030662817880511284,0.9999927282333374,0.005081653594970703,0.00019137572962790728,1.0,1.0,6.042805580364075e-07,1.5006136777628853e-07,0.0003921551688108593,0.0009777044178918004,0.9999995827674866
2,3,512,high_dynamic_range,0,16.0,2.1569719314575195,0.9999744892120361,16.0,0,0.0016543386736884713,1.0000152587890625,0.960693359375,0.0013025994412600994,1.0,1.0,1.185084693133831e-05,2.9512884793803096e-06,0.0007092952728271484,0.001991993049159646,0.9999982118606567
2,3,512,high_dynamic_range,1,4.0,0.4425244629383087,0.999962568283081,2.5,0,0.0003364047151990235,1.000017762184143,0.06252288818359375,9.294769552070647e-05,1.0,1.0,4.282122745280503e-08,1.1953332545999729e-08,7.768842351651983e-07,2.242279833808425e-06,1.0000001192092896
2,3,512,high_dynamic_range,2,16.0,3.077456474304199,0.9999648332595825,16.0,0,0.002345845801755786,1.0000147819519043,1.846487045288086,0.002845101524144411,1.0,1.0,1.1191353223694023e-05,2.6683974283514544e-06,7.799427839927375e-05,0.00022389432706404477,1.0000001192092896
2,3,512,near_zero,0,1.52587890625e-05,7.790999916323926e-06,0.9999704957008362,1.52587890625e-05,0,0.0011883017141371965,1.0000077486038208,3.6588171496987343e-06,0.0010886460077017546,1.0,1.0,4.888143934067557e-08,-6.93373580773482e-10,3.888999344781041e-07,1.1557244761206675e-06,1.0000001192092896
2,3,512,near_zero,1,1.621246337890625e-05,7.963281859701965e-06,0.999968945980072,1.52587890625e-05,0,0.0012125304201617837,1.0000051259994507,3.933964762836695e-06,0.0010413177078589797,1.0,1.0,-2.6083506909913012e-08,1.0483068635380732e-08,3.86236933991313e-07,1.0010304549723514e-06,1.0
2,3,512,near_zero,2,1.52587890625e-05,7.962647032400128e-06,0.9999691247940063,1.52587890625e-05,0,0.001215228927321732,1.000008463859558,2.7513960958458483e-06,0.0009078066796064377,1.0,1.0,-3.10031538219846e-08,-1.164968121969423e-10,3.6215351428836584e-07,9.197334520649747e-07,1.0
2,3,2048,normal,0,0.015655517578125,0.008993706665933132,0.999963641166687,0.015625,0,0.0013722107978537679,0.9999575614929199,0.005510807037353516,0.0014021339593455195,1.0,1.0,1.0369207075200393e-06,2.4186007863136183e-07,0.0005222983891144395,0.001386061660014093,0.9999989867210388
2,3,2048,normal,1,0.017578125,0.008653299883008003,0.9999659657478333,0.01611328125,0,0.0013193270424380898,0.9999611973762512,0.0030736923217773438,0.0009487600182183087,1.0,1.0,4.5620811306434916e-07,1.3373696106100397e-07,0.00039156340062618256,0.0009696604101918638,0.9999994039535522
2,3,2048,normal,2,0.0166015625,0.00868658535182476,0.9999657273292542,0.015625,0,0.001326442346908152,0.9999634027481079,0.004458814859390259,0.0012491713277995586,1.0,1.0,7.704998097324278e-07,1.9093417336080165e-07,0.0004890725249424577,0.0013391702668741345,0.9999991059303284
2,3,2048,heavy_tailed,0,0.0625,0.020286787301301956,0.999900758266449,0.03944563865661621,0,0.002168600680306554,0.9999710321426392,0.011430390179157257,0.002190920291468501,1.0,1.0,4.965140306012472e-06,1.244214786311204e-06,0.0011903028935194016,0.003132233629003167,0.9999951720237732
2,3,2048,heavy_tailed,1,0.0625,0.01938117854297161,0.9999088048934937,0.041015625,0,0.0020729678217321634,0.999972403049469,0.00681304931640625,0.00147056148853153,1.0,1.0,2.6480113319848897e-06,6.093923730077222e-07,0.0009010471403598785,0.0021225321106612682,0.9999977350234985
2,3,2048,heavy_tailed,2,0.0625,0.019555581733584404,0.9999085664749146,0.0390625,0,0.0020944029092788696,0.9999687671661377,0.008695006370544434,0.0018738677026703954,1.0,1.0,3.3525489016028587e-06,8.740300927456701e-07,0.0010541996452957392,0.002320855390280485,0.9999997615814209
2,3,2048,outliers,0,0.015655517578125,0.008993706665933132,0.999963641166687,0.015625,0,0.00021643347281496972,1.0001466274261475,0.0055103302001953125,0.0002428690786473453,1.0,1.0,3.779297514938662e-07,1.0858054366735814e-07,0.000376595911802724,0.0006179600604809821,0.9999997615814209
2,3,2048,outliers,1,0.5,0.06152176111936569,0.9999653697013855,0.375,0,0.0014812417794018984,1.0001356601715088,0.047679901123046875,0.001446071662940085,1.0,1.0,3.336282316013239e-05,8.354109922947828e-06,0.002077551558613777,0.005468974355608225,0.9999850392341614
2,3,2048,outliers,2,0.0166015625,0.00868658535182476,0.9999657273292542,0.015625,0,0.00020963135466445237,1.0001484155654907,0.00445866584777832,0.00024362067051697522,1.0,1.0,2.6448171297488443e-07,6.703471200353306e-08,0.00029773928690701723,0.0005409904406405985,0.9999998807907104
2,3,2048,asymmetric,0,0.03125,0.00999471265822649,1.0000054836273193,0.03125,0,0.0003021550364792347,0.9999927878379822,0.009969472885131836,0.00024235913588199764,1.0,1.0,2.8205827220517676e-06,7.150057399485377e-07,0.0007756837294436991,0.00385710084810853,0.9999933838844299
2,3,2048,asymmetric,1,0.03125,0.009748316369950771,1.0000056028366089,0.03125,0,0.00029485890991054475,0.9999798536300659,0.005615949630737305,0.00024026371829677373,1.0,1.0,6.591843089154281e-07,1.3645262697536964e-07,0.00035991601180285215,0.0006563581409864128,0.9999998211860657
2,3,2048,asymmetric,2,0.03125,0.009883989579975605,1.0000051259994507,0.03125,0,0.0002989275089930743,0.9999827146530151,0.007725238800048828,0.0003192968142684549,1.0,1.0,9.494322057435056e-07,2.3350804667643388e-07,0.0004476799804251641,0.000900822808034718,0.9999995827674866
2,3,2048,high_dynamic_range,0,16.0,2.802154064178467,0.9999567866325378,16.0,0,0.0021463206503540277,1.0000662803649902,1.6079559326171875,0.0025492876302450895,1.0,1.0,0.0,0.0,2.130211477384875e-19,0.0,1.0000001192092896
2,3,2048,high_dynamic_range,1,4.0,0.49771544337272644,0.9999562501907349,3.0,0,0.0003811037167906761,1.0000687837600708,0.1381378173828125,0.00017512920021545142,1.0,1.0,1.588834379617765e-07,2.213248784244115e-08,5.712632992072031e-05,0.00014433068281505257,0.9999999403953552
2,3,2048,high_dynamic_range,2,16.0,3.2758700847625732,0.9999616146087646,16.0,0,0.0024943409953266382,1.0000667572021484,0.85498046875,0.000975796312559396,1.0,1.0,1.435392071869046e-08,6.421863485428503e-09,6.391240958691924e-08,1.9807070827937423e-07,0.9999999403953552
2,3,2048,near_zero,0,1.621246337890625e-05,8.99393307918217e-06,0.9999632835388184,1.5306093700928614e-05,0,0.001372216735035181,0.9999610185623169,5.381647497415543e-06,0.0013910062843933702,1.0,1.0,-2.423829670306077e-08,6.196909652089744e-11,5.221154424361885e-07,1.4761459397050203e-06,1.0
2,3,2048,near_zero,1,1.9073486328125e-05,8.669104317959864e-06,0.9999656081199646,1.71661376953125e-05,0,0.001321714953519404,0.9999582171440125,3.1882664188742638e-06,0.000938057026360184,1.0,1.0,8.051922861795902e-08,-2.0685002599662994e-09,3.9222140912897885e-07,1.1622247484410764e-06,0.9999999403953552
2,3,2048,near_zero,2,1.71661376953125e-05,8.73037879500771e-06,0.9999657273292542,1.5497207641601562e-05,0,0.0013331364607438445,0.9999592900276184,4.317960701882839e-06,0.001259204582311213,1.0,1.0,1.768983004524216e-08,-2.216000938304319e-09,4.946778062731028e-07,1.4763880926693673e-06,1.0000001192092896
4,5,128,normal,0,0.015625,0.006792111787945032,0.9999775886535645,0.015625,0,0.0013395908754318953,1.0000029802322388,0.004142463207244873,0.0012856421526521444,1.0,1.0,7.494663805118762e-07,1.7275033314945176e-07,0.00047533048200421035,0.0011506935115903616,0.9999995827674866
4,5,128,normal,1,0.015625,0.00715383468195796,0.9999760985374451,0.015625,0,0.0014049186138436198,1.0000039339065552,0.00504612922668457,0.001454212237149477,1.0,1.0,1.1499234915390844e-06,2.906746203734656e-07,0.000597952282987535,0.0015355139039456844,0.999998927116394
4,5,128,normal,2,0.015625,0.0067309169098734856,0.9999786019325256,0.015625,0,0.001331634703092277,1.000003695487976,0.00343245267868042,0.0012471236987039447,1.0,1.0,6.23295818513725e-07,1.7347684888591175e-07,0.0004643445718102157,0.0010754510294646025,0.999999463558197
4,5,128,heavy_tailed,0,0.03125,0.012489808723330498,0.9999607801437378,0.03125,0,0.0017161096911877394,1.0000061988830566,0.006624132394790649,0.0015883975429460406,1.0,1.0,2.2428675947594456e-06,5.61155275136116e-07,0.0007977292989380658,0.0013684871373698115,0.9999990463256836
4,5,128,heavy_tailed,1,0.03125,0.01375966239720583,0.9999563694000244,0.03125,0,0.0018867624457925558,1.0000057220458984,0.009957432746887207,0.0019160858355462551,1.0,1.0,3.8454963942058384e-06,9.817977115744725e-07,0.0011201532324776053,0.0026149603072553873,0.9999966621398926
4,5,128,heavy_tailed,2,0.03125,0.014004678465425968,0.9999565482139587,0.03125,0,0.0019374529365450144,1.0000061988830566,0.006760656833648682,0.0017570651834830642,1.0,1.0,2.4933297027018853e-06,6.140575692370476e-07,0.0008618857245892286,0.0015266722766682506,0.9999988079071045
4,5,128,outliers,0,0.25,0.03696431219577789,0.9999805688858032,0.25,0,0.0011552924988791347,0.9999974966049194,0.018986940383911133,0.0008512436761520803,1.0,1.0,1.0056924111268017e-05,2.516314680178766e-06,0.0010103313252329826,0.002217494882643223,0.999997615814209
4,5,128,outliers,1,0.5,0.04206228628754616,0.9999702572822571,0.28125,0,0.0012923370813950896,0.9999964237213135,0.05790901184082031,0.0014642283786088228,1.0,1.0,5.779627940682985e-07,1.4798763459111797e-07,6.997224409133196e-05,0.00010885018855333328,0.9999999403953552
4,5,128,outliers,2,0.265625,0.03759078308939934,0.9999766945838928,0.25,0,0.001198624144308269,0.9999971389770508,0.014799237251281738,0.0006464876933023334,1.0,1.0,7.71504892327357e-06,1.9002279714186443e-06,0.0008789526764303446,0.0014021567767485976,0.9999991059303284
4,5,128,asymmetric,0,0.03125,0.009807344526052475,0.9999987483024597,0.03125,0,0.000382980884751305,0.999998927116394,0.008156776428222656,0.0003837015538010746,1.0,1.0,1.7054189811460674e-06,4.183843884675298e-07,0.0006470512016676366,0.0010935962200164795,0.9999994039535522
4,5,128,asymmetric,1,0.03125,0.009750048629939556,0.9999986886978149,0.03125,0,0.0003803383151534945,0.9999988079071045,0.008685111999511719,0.00035799926263280213,1.0,1.0,1.2673035598709248e-06,3.097729859291576e-07,0.0005267336964607239,0.0015207076212391257,0.9999990463256836
4,5,128,asymmetric,2,0.03125,0.00980704091489315,0.9999988079071045,0.03125,0,0.000383180333301425,0.9999980926513672,0.00561070442199707,0.0005508167669177055,1.0,1.0,8.54908080327732e-07,2.0905997644149465e-07,0.0004685417516157031,0.000720322597771883,0.9999997615814209
4,5,128,high_dynamic_range,0,16.0,1.6441147327423096,0.9999789595603943,9.86459732055664,0,0.0016319502610713243,1.0000033378601074,0.5570297241210938,0.0009383255382999778,1.0,1.0,9.755245500286946e-09,3.536975434759171e-10,5.5428724721195977e-08,1.6596180785199977e-07,1.0000001192092896
4,5,128,high_dynamic_range,1,16.0,1.6772655248641968,0.9999791979789734,12.0,0,0.0016316886758431792,1.0000033378601074,0.810943603515625,0.0007902484503574669,1.0,1.0,-2.0561287783493754e-08,1.5476331327590742e-10,1.0861117516469676e-07,3.4388094150017423e-07,1.000000238418579
4,5,128,high_dynamic_range,2,16.0,2.5853490829467773,0.9999777674674988,16.0,0,0.00257197767496109,0.9999999403953552,2.950286865234375,0.003419233253225684,1.0,1.0,1.737097250043007e-06,4.2208915829178295e-07,2.5575609470251948e-05,6.648328417213634e-05,1.0
4,5,128,near_zero,0,1.52587890625e-05,6.7609271354740486e-06,0.9999779462814331,1.52587890625e-05,0,0.0013336179545149207,1.0000028610229492,4.200206603854895e-06,0.0013336518313735723,1.0,0.8888888888888888,-2.3254719039300653e-08,4.697753297477902e-10,5.094334483146667e-07,1.3872530644221115e-06,0.9999999403953552
4,5,128,near_zero,1,1.52587890625e-05,7.120760528778192e-06,0.999976396560669,1.52587890625e-05,0,0.001398072810843587,1.000002384185791,4.401488695293665e-06,0.0014181836741045117,1.0,1.0,-1.3026040690533591e-08,1.0230710500991336e-08,6.110640242695808e-07,1.5635218915122095e-06,1.0
4,5,128,near_zero,2,1.52587890625e-05,6.76261561238789e-06,0.9999783635139465,1.52587890625e-05,0,0.0013377731665968895,1.0000038146972656,4.027984687127173e-06,0.0011956609087064862,1.0,1.0,1.9603685785796188e-08,-1.3924237318718724e-09,4.5873457565903664e-07,1.0904884675255744e-06,1.0
4,5,512,normal,0,0.015625,0.007673898246139288,0.999972939491272,0.015625,0,0.0015111513203009963,1.0000096559524536,0.0041623711585998535,0.0013245893642306328,1.0,1.0,7.606391250192246e-07,1.8206161200851056e-07,0.0004933740710839629,0.001168963499367237,0.9999995231628418
4,5,512,normal,1,0.015625,0.007881969213485718,0.9999723434448242,0.015625,0,0.0015495570842176676,1.00001060962677,0.0044918060302734375,0.0012387707829475403,1.0,1.0,7.598933962071897e-07,2.1014599838053982e-07,0.0004936591722071171,0.0011376263573765755,0.9999994039535522
4,5,512,normal,2,0.015625,0.007901908829808235,0.9999706745147705,0.015625,0,0.0015569559764117002,1.000009536743164,0.0053312331438064575,0.0017491589533165097,1.0,1.0,1.431000328011578e-06,3.4838774354284396e-07,0.0006891401135362685,0.0015460510039702058,0.9999988079071045
4,5,512,heavy_tailed,0,0.03515625,0.016568290069699287,0.9999337792396545,0.033203125,0,0.00228597829118371,1.0000102519989014,0.008701503276824951,0.001958753913640976,1.0,1.0,3.5084624414594145e-06,8.952576422416314e-07,0.0010781708406284451,0.003238609991967678,0.9999974966049194
4,5,512,heavy_tailed,1,0.0390625,0.016281751915812492,0.9999365210533142,0.036156028509140015,0,0.0022450790274888277,1.0000076293945312,0.009061276912689209,0.0017954283393919468,1.0,0.9047619047619048,3.403476057428634e-06,8.490821983286878e-07,0.0010415904689580202,0.0028228736482560635,0.9999964237213135
4,5,512,heavy_tailed,2,0.033203125,0.0163457952439785,0.9999354481697083,0.03125,0,0.0022550972644239664,1.000004768371582,0.011204838752746582,0.0024691412691026926,1.0,0.9047619047619048,6.0934007706237026e-06,1.5130840438359883e-06,0.0014362973161041737,0.0039650388062000275,0.9999924898147583
4,5,512,outliers,0,0.5,0.044928304851055145,0.9999711513519287,0.375,0,0.0013922489015385509,1.0000094175338745,0.04017829895019531,0.001121785957366228,1.0,1.0,3.5564612517191563e-06,8.764538392824761e-07,0.0004618449602276087,0.0007349183433689177,0.9999997615814209
4,5,512,outliers,1,0.5,0.04027317091822624,0.9999740719795227,0.3087615966796875,0,0.0012514706468209624,1.0000112056732178,0.024140357971191406,0.0008208956569433212,1.0,1.0,5.14130533701973e-06,1.2894254268758232e-06,0.0009712983155623078,0.0029830257408320904,0.9999958276748657
4,5,512,outliers,2,0.5,0.04273587465286255,0.9999699592590332,0.3125,0,0.001334326807409525,1.000011682510376,0.08481597900390625,0.002882779110223055,1.0,0.9047619047619048,2.7403566491557285e-05,6.893134013807867e-06,0.0014097229577600956,0.003433272009715438,0.9999971389770508
4,5,512,asymmetric,0,0.03125,0.0099638095125556,1.000002384185791,0.03125,0,0.0003888676001224667,0.9999960660934448,0.009926319122314453,0.00035670874058268964,1.0,1.0,1.576990143803414e-06,4.017538230982609e-07,0.0006808756734244525,0.0016373766120523214,0.9999988675117493
4,5,512,asymmetric,1,0.03125,0.00997920148074627,1.0000026226043701,0.03125,0,0.00038963952101767063,0.9999946355819702,0.006557345390319824,0.00029325843206606805,1.0,1.0,7.221809710244997e-07,1.9878709167642228e-07,0.0004311167576815933,0.0005561303696595132,0.9999997019767761
4,5,512,asymmetric,2,0.03125,0.009919818490743637,1.0000022649765015,0.03125,0,0.0003873087407555431,0.9999921321868896,0.008852958679199219,0.0003486034693196416,1.0,1.0,1.9394060473132413e-06,5.022508275942528e-07,0.0006868182681500912,0.0016640096437186003,0.9999988079071045
4,5,512,high_dynamic_range,0,16.0,1.8963829278945923,0.999974250793457,16.0,0,0.0018777584191411734,1.0000150203704834,1.00146484375,0.0017285645008087158,1.0,1.0,7.963682037370745e-06,1.9943981897085905e-06,0.0006656013429164886,0.0018802675185725093,0.9999984502792358
4,5,512,high_dynamic_range,1,16.0,1.8317919969558716,0.9999735355377197,12.0,0,0.0017982558347284794,1.000016212463379,1.160919189453125,0.0015963775804266334,1.0,1.0,1.7209002001195017e-09,1.3746423443983247e-10,5.188727225657885e-10,1.9249071225857506e-09,1.0000001192092896
4,5,512,high_dynamic_range,2,16.0,3.0563840866088867,0.9999658465385437,16.0,0,0.003008337924256921,1.000012993812561,3.25421142578125,0.004232768900692463,1.0,1.0,1.8680253788261325e-07,4.21319228394168e-08,5.655101062984613e-07,1.622253876121249e-06,0.9999999403953552
4,5,512,near_zero,0,1.52587890625e-05,7.740799446764868e-06,0.999972403049469,1.52587890625e-05,0,0.0015243152156472206,1.000006914138794,4.210043698549271e-06,0.0012855770764872432,1.0,1.0,-7.963368631180856e-09,-9.321050598032343e-10,4.814937710762024e-07,1.3640240013046423e-06,0.9999999403953552
4,5,512,near_zero,1,1.621246337890625e-05,7.908324732852634e-06,0.9999719858169556,1.52587890625e-05,0,0.0015547043876722455,1.0000040531158447,4.1807652451097965e-06,0.0012416172539815307,1.0,1.0,-3.706334084085938e-08,-3.374733825722842e-09,4.961766535416245e-07,1.1977462008871953e-06,1.0000001192092896
4,5,512,near_zero,2,1.52587890625e-05,7.879022632550914e-06,0.999971330165863,1.52587890625e-05,0,0.0015524469781666994,1.0000079870224,5.027628503739834e-06,0.0017225409392267466,1.0,1.0,-4.686384613705741e-08,1.274724548139261e-09,6.827613105997443e-07,1.6809948419904686e-06,1.0
4,5,2048,normal,0,0.017578125,0.00891150627285242,0.9999653100967407,0.015625,0,0.0017554041696712375,0.9999562501907349,0.007056295871734619,0.0017979745753109455,1.0,1.0,1.6432740039817872e-06,3.85242316269796e-07,0.0006866903277114034,0.0017249973025172949,0.9999985098838806
4,5,2048,normal,1,0.017578125,0.008764754049479961,0.9999672770500183,0.015993177890777588,0,0.0017252870602533221,0.9999591708183289,0.007485151290893555,0.001946820062585175,1.0,1.0,2.041228299276554e-06,4.827119255423895e-07,0.0007946564583107829,0.001980873988941312,0.9999980926513672
4,5,2048,normal,2,0.017578125,0.00892772525548935,0.9999650716781616,0.016118526458740234,0,0.0017600706778466702,0.9999620914459229,0.005219459533691406,0.0015402681892737746,1.0,1.0,1.146841555055289e-06,3.0106724580036826e-07,0.0006239782087504864,0.0015996953006833792,0.9999988079071045
4,5,2048,heavy_tailed,0,0.0625,0.02069639042019844,0.9998985528945923,0.046875,0,0.002856364008039236,0.9999688267707825,0.016577839851379395,0.00298125552944839,0.75,1.0,8.949904440669343e-06,2.2515555428981315e-06,0.0016497760079801083,0.004199941176921129,0.9999911785125732
4,5,2048,heavy_tailed,1,0.0625,0.02035580947995186,0.9998996257781982,0.04296875,0,0.0028109580744057894,0.9999706745147705,0.016762495040893555,0.003186166984960437,1.0,1.0,1.1442939467087854e-05,2.859730784621206e-06,0.0019211000762879848,0.004457144532352686,0.9999901652336121
4,5,2048,heavy_tailed,2,0.0625,0.020337248221039772,0.9999004006385803,0.04296875,0,0.0028121815994381905,0.9999661445617676,0.012003064155578613,0.002390184672549367,1.0,1.0,5.131821581016993e-06,1.308093033003388e-06,0.0013028114335611463,0.0014508605236187577,0.9999996423721313
4,5,2048,outliers,0,0.5,0.05681444704532623,0.9999552965164185,0.5,0,0.0017652412643656135,1.0001457929611206,0.07012605667114258,0.002903371350839734,1.0,1.0,0.0001614624197827652,4.0644401451572776e-05,0.004231300204992294,0.0095620546489954,0.9999564290046692
4,5,2048,outliers,1,0.5,0.04798801615834236,0.9999657869338989,0.375,0,0.001491605769842863,1.0001362562179565,0.04805755615234375,0.0014693832490593195,1.0,1.0,3.3832533517852426e-05,8.473421075905208e-06,0.0024159164167940617,0.005514440126717091,0.9999848008155823
4,5,2048,outliers,2,0.5,0.04869857057929039,0.9999656677246094,0.375,0,0.0015173451974987984,1.0001474618911743,0.005219459533691406,0.00030250687268562615,1.0,1.0,5.835893261973979e-07,1.7352797954117705e-07,0.0003822037542704493,0.0005680255126208067,0.9999997615814209
4,5,2048,asymmetric,0,0.03125,0.009959714487195015,1.000008225440979,0.03125,0,0.00038872018922120333,0.9999915957450867,0.010634422302246094,0.0003157410828862339,1.0,1.0,4.632408035831759e-06,1.1413787888159277e-06,0.0010297474218532443,0.004805158358067274,0.9999889135360718
4,5,2048,asymmetric,1,0.03125,0.009810326620936394,1.0000081062316895,0.03125,0,0.0003830895002465695,0.9999779462814331,0.010800376534461975,0.0004893539007753134,1.0,1.0,2.2915298814041307e-06,5.834259582115919e-07,0.000756613037083298,0.001177144586108625,0.999999463558197
4,5,2048,asymmetric,2,0.03125,0.009926069527864456,1.0000073909759521,0.03125,0,0.00038756485446356237,0.9999816417694092,0.00849151611328125,0.0003862718294840306,1.0,0.9047619047619048,1.3336939446162432e-06,3.2090849799715215e-07,0.000600940256845206,0.0011518378742039204,0.9999994039535522
4,5,2048,high_dynamic_range,0,16.0,2.444895029067993,0.9999574422836304,16.0,0,0.0024176982697099447,1.0000649690628052,1.7970600128173828,0.0025778182316571474,1.0,1.0,0.0,0.0,6.093307592146707e-19,0.0,1.0000001192092896
4,5,2048,high_dynamic_range,1,16.0,2.187952995300293,0.9999597072601318,16.0,0,0.0021631408017128706,1.0000654458999634,2.05487060546875,0.0036019973922520876,1.0,1.0,0.006868469063192606,0.002214420586824417,0.008524917997419834,0.02501879446208477,0.9997149109840393
4,5,2048,high_dynamic_range,2,16.0,3.2717366218566895,0.9999635219573975,16.0,0,0.003216556506231427,1.0000643730163574,2.4793243408203125,0.0028224587440490723,1.0,1.0,9.469549127061327e-07,2.622622616854642e-07,2.9485561299225083e-06,9.005170795717277e-06,1.0000001192092896
4,5,2048,near_zero,0,1.9073486328125e-05,8.922128472477198e-06,0.9999656081199646,1.621246337890625e-05,0,0.001757462159730494,0.9999598860740662,7.041147910058498e-06,0.001793300616554916,1.0,1.0,4.182496837756844e-08,2.012306321574897e-09,6.973968993406743e-07,1.9700125903909793e-06,1.0
4,5,2048,near_zero,1,1.9073486328125e-05,8.774490197538398e-06,0.9999674558639526,1.622270792722702e-05,0,0.0017271863762289286,0.9999570846557617,6.705959094688296e-06,0.0019544181413948536,1.0,1.0,-1.4546312598895383e-08,-1.1642282693458128e-09,7.943526725284755e-07,2.061858140223194e-06,0.9999998211860657
4,5,2048,near_zero,2,1.71661376953125e-05,8.951345080276951e-06,0.999964714050293,1.621246337890625e-05,0,0.0017647232161834836,0.9999581575393677,5.137408152222633e-06,0.0015438938280567527,1.0,1.0,-2.6757160931367707e-09,-3.144297266999274e-09,6.191548891365528e-07,1.7199539570356137e-06,1.0
8,10,128,normal,0,0.015625,0.006729629822075367,0.999978244304657,0.015625,0,0.0018772141775116324,1.000002384185791,0.0070691704750061035,0.001885098870843649,1.0,1.0,1.8549962987890467e-06,4.7055937102413736e-07,0.0007472095312550664,0.0023935395292937756,0.9999977946281433
8,10,128,normal,1,0.015625,0.007076815702021122,0.9999766945838928,0.015625,0,0.001965823583304882,1.0000029802322388,0.0085601806640625,0.0022153721656650305,1.0,1.0,2.51914570981171e-06,6.628799837926636e-07,0.0009029230568557978,0.0020957705564796925,0.9999979138374329
8,10,128,normal,2,0.015625,0.006846143398433924,0.9999784231185913,0.015625,0,0.001915622386150062,1.0000028610229492,0.005665481090545654,0.001964651746675372,1.0,1.0,1.5326963875850197e-06,3.8658868106722366e-07,0.0007094645989127457,0.0016283256700262427,0.9999985694885254
8,10,128,heavy_tailed,0,0.03125,0.013233231380581856,0.9999574422836304,0.03125,0,0.0025717481039464474,1.0000040531158447,0.011131994426250458,0.0027415102813392878,1.0,1.0,5.995321771479212e-06,1.5007867659733165e-06,0.001414875267073512,0.0026041092351078987,0.9999971389770508
8,10,128,heavy_tailed,1,0.03125,0.01359194703400135,0.9999565482139587,0.03125,0,0.002636261284351349,1.0000033378601074,0.01942276954650879,0.0032717271242290735,1.0,1.0,1.0966869012918323e-05,2.7256774046691135e-06,0.0018951470265164971,0.004083238076418638,0.999991774559021
8,10,128,heavy_tailed,2,0.03515625,0.013846710324287415,0.999957263469696,0.03125,0,0.0027094518300145864,1.0000042915344238,0.010750442743301392,0.002634740900248289,1.0,1.0,5.252320988802239e-06,1.3077217317913892e-06,0.0012803520075976849,0.0024591940455138683,0.9999970197677612
8,10,128,outliers,0,0.5,0.05508036911487579,0.9999768733978271,0.3125,0,0.0024339172523468733,0.9999954104423523,0.03693199157714844,0.0019253009231761098,1.0,1.0,2.0456063793972135e-05,5.110081929160515e-06,0.0017625930486246943,0.0036942195147275925,0.9999939203262329
8,10,128,outliers,1,0.5,0.030151458457112312,0.9999700784683228,0.26515960693359375,0,0.001310111372731626,0.9999964237213135,0.05609893798828125,0.0014863797696307302,1.0,1.0,9.475849083173671e-07,2.487554411345627e-07,0.0001594948989804834,0.0002640065795276314,1.0
8,10,128,outliers,2,0.265625,0.02703239768743515,0.9999769926071167,0.25,0,0.0012189957778900862,0.9999972581863403,0.01731085777282715,0.0006696585332974792,1.0,1.0,6.525525350298267e-06,1.6099349977594102e-06,0.0009219261119142175,0.0013407985679805279,0.9999991059303284
8,10,128,asymmetric,0,0.03125,0.009590097703039646,0.9999991059303284,0.03125,0,0.0005296588060446084,0.9999989867210388,0.011598587036132812,0.0005630064406432211,1.0,1.0,5.268113909551175e-06,1.3031433354626643e-06,0.0011543415021151304,0.0025826862547546625,0.9999967813491821
8,10,128,asymmetric,1,0.03125,0.009743474423885345,0.9999988675117493,0.03125,0,0.000537519867066294,0.9999986290931702,0.012209892272949219,0.0005729496479034424,1.0,1.0,3.846170329779852e-06,9.726079497340834e-07,0.0010102717205882072,0.0026207859627902508,0.9999967217445374
8,10,128,asymmetric,2,0.03125,0.00962824560701847,0.9999990463256836,0.03125,0,0.0005320388590916991,0.9999980330467224,0.008480548858642578,0.0008592477533966303,1.0,1.0,2.744436187640531e-06,6.756120001227828e-07,0.0009034398244693875,0.0014022690011188388,0.9999990463256836
8,10,128,high_dynamic_range,0,16.0,1.1864773035049438,0.9999783635139465,8.0,0,0.001665577874518931,1.0000032186508179,0.593475341796875,0.0009690520819276571,1.0,1.0,-1.1948496414504461e-08,4.1704889541804846e-10,3.660008474071219e-08,1.1117472809019091e-07,1.0000001192092896
8,10,128,high_dynamic_range,1,16.0,1.527767300605774,0.9999786019325256,10.0,0,0.0021026176400482655,1.0000026226043701,1.8822059631347656,0.0029812422581017017,1.0,1.0,-1.9501931181054033e-09,2.201036991555938e-10,1.1779732034256085e-07,3.668031638426328e-07,1.000000238418579
8,10,128,high_dynamic_range,2,16.0,2.2032687664031982,0.9999779462814331,12.0,0,0.003099598456174135,0.9999985098838806,2.9705810546875,0.004075503908097744,1.0,1.0,-6.6092362693837e-09,3.593502578835839e-11,2.6426247856647933e-08,8.004202811662253e-08,1.0
8,10,128,near_zero,0,1.52587890625e-05,6.701609436277067e-06,0.9999786019325256,1.52587890625e-05,0,0.001869663130491972,1.0000019073486328,6.07507536187768e-06,0.001953147118911147,1.0,1.0,-4.647323237350065e-08,-3.7160892141230306e-09,7.404596544802189e-07,1.9071937913395232e-06,1.0000001192092896
8,10,128,near_zero,1,1.52587890625e-05,7.047377039270941e-06,0.9999768137931824,1.52587890625e-05,0,0.001957135973498225,1.0000011920928955,6.329268217086792e-06,0.0022077334579080343,1.0,1.0,-5.544794845491197e-09,-3.7189067381149243e-09,9.344657883048058e-07,2.4076912268355954e-06,1.0
8,10,128,near_zero,2,1.52587890625e-05,6.918126473465236e-06,0.9999779462814331,1.52587890625e-05,0,0.0019355465192347765,1.0000027418136597,5.700625479221344e-06,0.0020203772000968456,1.0,1.0,-1.3911300555946582e-08,1.0719150012050704e-08,7.576891221106052e-07,1.8133081312043942e-06,1.0000001192092896
8,10,512,normal,0,0.015625,0.007717306260019541,0.9999745488166809,0.015625,0,0.0021494741085916758,1.0000076293945312,0.008046358823776245,0.002083370229229331,1.0,1.0,1.8602149793878198e-06,4.6261015995696653e-07,0.0007445242954418063,0.0012876439141109586,0.9999992847442627
8,10,512,normal,1,0.01953125,0.00812692940235138,0.9999707937240601,0.017578125,0,0.002259885659441352,1.000008463859558,0.006305672228336334,0.002069022972136736,1.0,0.95,2.044954726443393e-06,5.051160769653507e-07,0.0008288450771942735,0.001922984840348363,0.9999982118606567
8,10,512,normal,2,0.015625,0.007877830415964127,0.9999729990959167,0.015625,0,0.0021954632829874754,1.0000076293945312,0.008322492241859436,0.0023610075004398823,1.0,1.0,2.518428573239362e-06,6.253388846744201e-07,0.0008988144109025598,0.0020950506441295147,0.9999978542327881
8,10,512,heavy_tailed,0,0.03564453125,0.016951821744441986,0.9999316930770874,0.03515625,0,0.0033084696624428034,1.0000056028366089,0.015990853309631348,0.0031950289849191904,1.0,1.0,9.303269507654477e-06,2.320050271009677e-06,0.0017185332253575325,0.005194533616304398,0.9999949932098389
8,10,512,heavy_tailed,1,0.0625,0.01647009141743183,0.999935507774353,0.0390625,0,0.003212432377040386,1.0000030994415283,0.013495087623596191,0.002860134467482567,1.0,1.0,8.123830411932431e-06,2.0432353267096914e-06,0.0016534468159079552,0.004004621412605047,0.999993085861206
8,10,512,heavy_tailed,2,0.0390625,0.016935737803578377,0.9999326467514038,0.037236690521240234,0,0.0033048803452402353,1.0000007152557373,0.018590450286865234,0.003519891994073987,1.0,0.9047619047619048,1.2307307770242915e-05,3.0794835765846074e-06,0.0020007065031677485,0.005738039035350084,0.9999837279319763
8,10,512,outliers,0,0.5,0.06449149549007416,0.9999691843986511,0.375,0,0.0028272441122680902,1.0000059604644775,0.06994295120239258,0.0021831674966961145,1.0,1.0,1.5232153600663878e-05,3.827692125923932e-06,0.0011136122047901154,0.0019888984970748425,0.9999979734420776
8,10,512,outliers,1,0.5,0.02908519096672535,0.9999748468399048,0.28125,0,0.0012781847035512328,1.0000113248825073,0.02621173858642578,0.0008687604567967355,1.0,1.0,3.5478904010233236e-06,9.112575867220585e-07,0.0009739470551721752,0.002295980229973793,0.9999974966049194
8,10,512,outliers,2,0.5,0.030724871903657913,0.9999698400497437,0.3125,0,0.001356675522401929,1.0000109672546387,0.08644485473632812,0.002891137730330229,1.0,1.0,2.7496647817315534e-05,6.937018497410463e-06,0.0015150678809732199,0.003404173068702221,0.9999970197677612
8,10,512,asymmetric,0,0.03125,0.009982187300920486,1.0000040531158447,0.03125,0,0.000550985976587981,0.9999949336051941,0.015294075012207031,0.0005522015853784978,1.0,1.0,2.8324921004241332e-06,7.127760000003036e-07,0.0009092108812183142,0.0017698169685900211,0.9999983906745911
8,10,512,asymmetric,1,0.03125,0.009931528009474277,1.0000038146972656,0.03125,0,0.0005484144203364849,0.9999935626983643,0.009173870086669922,0.00046869998914189637,1.0,1.0,2.2676981643598992e-06,5.871773964827298e-07,0.0007672607316635549,0.001143603934906423,0.9999993443489075
8,10,512,asymmetric,2,0.03125,0.009851611219346523,1.0000040531158447,0.03125,0,0.0005439879023469985,0.9999907612800598,0.010332107543945312,0.0004689389024861157,1.0,1.0,3.2167486097023357e-06,7.556278660558746e-07,0.0009175525628961623,0.002003531437367201,0.9999979138374329
8,10,512,high_dynamic_range,0,16.0,1.373382568359375,0.9999733567237854,12.0,0,0.0019232059130445123,1.0000146627426147,1.001556396484375,0.0019016012083739042,1.0,1.0,1.8957727661472745e-05,4.753776465804549e-06,0.00096778484294191,0.0027249448467046022,0.9999967217445374
8,10,512,high_dynamic_range,1,16.0,1.6997995376586914,0.9999726414680481,12.0,0,0.0023602424189448357,1.000015139579773,1.36187744140625,0.0017629051581025124,1.0,1.0,2.5505464407160616e-09,2.034376556103723e-10,7.701553839112307e-10,3.111213731088469e-09,1.0000001192092896
8,10,512,high_dynamic_range,2,16.0,2.531503677368164,0.999969482421875,16.0,0,0.003524278523400426,1.0000113248825073,3.352447509765625,0.004636089317500591,1.0,1.0,4.6163913793861866e-05,1.033857279253425e-05,0.00013945014507044107,0.00040032327524386346,1.0
8,10,512,near_zero,0,1.52587890625e-05,7.789410119585227e-06,0.9999733567237854,1.52587890625e-05,0,0.0021695715840905905,1.0000052452087402,6.179907359182835e-06,0.0020007360726594925,1.0,1.0,3.09510852503081e-08,-3.6085952004327737e-09,7.555208867415786e-07,2.097933247569017e-06,1.0000001192092896
8,10,512,near_zero,1,1.9073486328125e-05,8.126352440740447e-06,0.9999710321426392,1.71661376953125e-05,0,0.00225966889411211,1.0000017881393433,7.174443453550339e-06,0.0020038275979459286,1.0,1.0,-7.044112848575423e-09,-3.2562170737548968e-09,8.034403435885906e-07,1.932009581651073e-06,1.0
8,10,512,near_zero,2,1.52587890625e-05,7.858061508159153e-06,0.9999729990959167,1.52587890625e-05,0,0.0021899710409343243,1.000006079673767,7.421462214551866e-06,0.0022840253077447414,1.0,1.0,-1.7591094803037777e-08,-3.1424185475970035e-09,8.842616807669401e-07,2.180637466153712e-06,1.0000001192092896
8,10,2048,normal,0,0.017578125,0.008920918218791485,0.9999617338180542,0.015625,0,0.0024854361545294523,0.9999537467956543,0.012692570686340332,0.00269253458827734,1.0,1.0,3.5085017771052662e-06,8.870215992828889e-07,0.001032217056490481,0.002719118259847164,0.9999963045120239
8,10,2048,normal,1,0.03125,0.008891351521015167,0.9999620914459229,0.017578125,0,0.002475467976182699,0.9999575018882751,0.009134232997894287,0.0027892524376511574,1.0,1.0,4.165940026723547e-06,1.0461670854056138e-06,0.0011598765850067139,0.002961288671940565,0.999995768070221
8,10,2048,normal,2,0.01953125,0.008957687765359879,0.9999616742134094,0.0166015625,0,0.002497851848602295,0.9999594688415527,0.006759285926818848,0.002017647959291935,1.0,0.9047619047619048,1.924162461364176e-06,5.080092364551092e-07,0.0008116179960779846,0.001965337200090289,0.9999980926513672
8,10,2048,heavy_tailed,0,0.0625,0.020580241456627846,0.999896228313446,0.046875,0,0.004017716273665428,0.9999632835388184,0.02935957908630371,0.004401050973683596,1.0,1.0,1.9284103473182768e-05,4.852035999647342e-06,0.002405185718089342,0.006075399927794933,0.9999815821647644
8,10,2048,heavy_tailed,1,0.0625,0.020353248342871666,0.9998973608016968,0.046875,0,0.003975541330873966,0.9999649524688721,0.022709369659423828,0.004635854158550501,0.75,1.0,2.4016317183850333e-05,6.01212150286301e-06,0.0028066281229257584,0.00592087022960186,0.9999825358390808
8,10,2048,heavy_tailed,2,0.0625,0.02010050229728222,0.9998997449874878,0.046875,0,0.003931490704417229,0.9999611377716064,0.014923572540283203,0.003071826184168458,1.0,1.0,9.540184692014009e-06,2.399707227596082e-06,0.0017956288065761328,0.0036333147436380386,0.9999990463256836
8,10,2048,outliers,0,0.5,0.0729571133852005,0.9999651908874512,0.5,0,0.0032068206928670406,1.0001418590545654,0.1229257583618164,0.004216394387185574,1.0,1.0,0.0003486044588498771,8.6647218267899e-05,0.0069888862781226635,0.015929318964481354,0.999873697757721
8,10,2048,outliers,1,0.5,0.03452637419104576,0.9999665021896362,0.375,0,0.001517702592536807,1.000135898590088,0.05407905578613281,0.0014967848546802998,1.0,1.0,4.02116565965116e-05,1.00314709925442e-05,0.0023694182746112347,0.006054435390979052,0.9999818205833435
8,10,2048,outliers,2,0.5,0.03501661494374275,0.9999668598175049,0.375,0,0.0015429762424901128,1.0001482963562012,0.006759166717529297,0.00039442331762984395,1.0,1.0,1.2161638096586103e-06,3.149004896840779e-07,0.0005912733031436801,0.0010404348140582442,0.9999994039535522
8,10,2048,asymmetric,0,0.03125,0.009950724430382252,0.999995768070221,0.03125,0,0.0005492555792443454,0.9999887943267822,0.015046119689941406,0.0004668664769269526,1.0,1.0,6.571081030415371e-06,1.6616090761090163e-06,0.0013849433744326234,0.004930456634610891,0.9999880790710449
8,10,2048,asymmetric,1,0.03125,0.00991063192486763,0.9999964237213135,0.03125,0,0.000547327974345535,0.9999732971191406,0.014902591705322266,0.0006886147311888635,1.0,1.0,4.905190507997759e-06,1.2290835229578079e-06,0.0012004983145743608,0.002431640401482582,0.9999970197677612
8,10,2048,asymmetric,2,0.03125,0.0099604157730937,0.9999954700469971,0.03125,0,0.0005500164115801454,0.9999775290489197,0.012043952941894531,0.0005119299748912454,1.0,1.0,2.2455515136243775e-06,5.545339263335336e-07,0.0007752255187369883,0.0013600607635453343,0.9999991655349731
8,10,2048,high_dynamic_range,0,16.0,1.756861686706543,0.9999606609344482,16.0,0,0.0024569514207541943,1.0000652074813843,1.7970170974731445,0.002634376287460327,1.0,1.0,0.0,0.0,8.934032448279511e-19,0.0,1.0000001192092896
8,10,2048,high_dynamic_range,1,16.0,1.9052761793136597,0.9999663829803467,16.0,0,0.002664147177711129,1.0000636577606201,2.5917091369628906,0.004202391020953655,1.0,0.9047619047619048,0.011552686803042889,0.0036926050670444965,0.014553271234035492,0.036835234612226486,0.9993866682052612
8,10,2048,high_dynamic_range,2,16.0,2.81441593170166,0.999967634677887,16.0,0,0.003914006985723972,1.00006103515625,2.8216705322265625,0.003406631527468562,1.0,1.0,1.0665881745808292e-05,3.0859482649248093e-06,2.4138727894751355e-05,7.37353038857691e-05,0.9999999403953552
8,10,2048,near_zero,0,1.9073486328125e-05,8.914607860788237e-06,0.9999605417251587,1.5534693375229836e-05,0,0.0024836540687829256,0.9999563097953796,1.2173550203442574e-05,0.0026620763819664717,1.0,1.0,-4.333093883701622e-08,-1.6849694972620455e-09,1.0364674380980432e-06,2.732110033321078e-06,1.0000001192092896
8,10,2048,near_zero,1,2.288818359375e-05,8.89315560925752e-06,0.99996018409729,1.71661376953125e-05,0,0.002475949004292488,0.9999550580978394,9.917013812810183e-06,0.002812566002830863,1.0,1.0,1.4427389949389635e-08,-2.323352399358214e-09,1.172633346868679e-06,2.8243632641533623e-06,0.9999999403953552
8,10,2048,near_zero,2,1.9073486328125e-05,8.98289817996556e-06,0.9999611377716064,1.71661376953125e-05,0,0.0025048828683793545,0.9999557733535767,7.639871910214424e-06,0.002028827788308263,1.0,1.0,-3.521262215144816e-08,3.2157393414777857e-10,8.159004210028797e-07,2.1999410364514915e-06,1.0
